participant_id,video_file,gloss,asl_lex_code,class_idx,split
P1,15890366051589533-APPLE.mp4,APPLE,A_03_054,12,train
P1,4520498201410337-BACKPACK.mp4,BACKPACK1,G_03_091,16,train
P1,7448818785190525-CAPTURE.mp4,CAPTURE,H_03_048,47,train
P1,21344274764159632-ANYONE.mp4,ANYONE,H_01_059,10,train
P1,44939873429204336-CEMETERY.mp4,CEMETERY,H_01_037,51,train
P1,6235541652821013-ALL OF_SUDDEN.mp4,ALLOFSUDDEN,H_01_096,6,train
P1,7809503445047001-BREAKFAST.mp4,BREAKFAST1,J_01_053,36,train
P1,49288220098651747-DOG.mp4,DOG1,A_01_056,66,train
P1,8450645349294537-ADVERTISE.mp4,ADVERTISE,J_03_015,3,train
P40,654679171689897-APPLE.mp4,APPLE,A_03_054,12,train
P40,8875256912597131-BACKPACK.mp4,BACKPACK1,G_03_091,16,train
P40,2746482938137922-CAPTURE.mp4,CAPTURE,H_03_048,47,train
P40,931782741467386-ANYONE.mp4,ANYONE,H_01_059,10,train
P40,5418273984027029-CEMETERY.mp4,CEMETERY,H_01_037,51,train
P40,3140572918045199-ALL OF_SUDDEN.mp4,ALLOFSUDDEN,H_01_096,6,train
P40,13959766874483237-BREAKFAST.mp4,BREAKFAST1,J_01_053,36,train
P40,11432147423106453-DOG.mp4,DOG1,A_01_056,66,train
P40,0525121513125173-DARK.mp4,DARK1,J_03_094,60,train
P40,24946258334528815-GUESS.mp4,GUESS1,D_02_013,74,train
P40,2889534487412355-DEMAND.mp4,DEMAND1,D_03_080,63,train
P40,0955181553369353-FOREIGNER.mp4,FOREIGNER1,C_01_077,73,train
P40,6833661881907038-DOWNSIZE.mp4,DOWNSIZE1,C_01_055,67,train
P40,05804557658914389-HURDLE-TRIP.mp4,HURDLE/TRIP1,G_01_036,77,train
P40,2595760307657029-THEY.mp4,THEY1,F_02_103,95,train
P40,14052296225070893-BACKPACK.mp4,BACKPACK1,G_03_091,16,train
P40,25932604034382734-EDIT.mp4,EDIT1,G_02_057,70,train
P40,718637403722669-SPECIAL.mp4,SPECIAL1,J_02_020,93,train
P40,3971071828139323-CONFUSED.mp4,CONFUSED1,J_01_110,59,train
P43,60085579467325-APPLE.mp4,APPLE,A_03_054,12,train
P43,402799943476833-BACKPACK.mp4,BACKPACK1,G_03_091,16,train
P43,941566774478487-CAPTURE.mp4,CAPTURE,H_03_048,47,train
P43,2590930129006048-ANYONE.mp4,ANYONE,H_01_059,10,train
P43,4700164980726875-CEMETERY.mp4,CEMETERY,H_01_037,51,train
P43,7494826589826964-ALL OF_SUDDEN.mp4,ALLOFSUDDEN,H_01_096,6,train
P43,12841038226728507-BREAKFAST.mp4,BREAKFAST1,J_01_053,36,train
P43,17777316675017052-DOG.mp4,DOG1,A_01_056,66,train
P40,5503868341096074-DEVELOP.mp4,DEVELOP1,J_03_092,64,train
P43,6764651962786699-ADVERTISE.mp4,ADVERTISE,J_03_015,3,train
P43,26439420589592477-DARK.mp4,DARK1,J_03_094,60,train
P40,1383203105819133-CALENDAR.mp4,CALENDAR1,A_03_001,41,train
P40,6445331634562388-WHAT FOR.mp4,WHATFOR1,C_02_054,99,train
P43,7383284467475846-GUESS.mp4,GUESS1,D_02_013,74,train
P43,21726284787567063-DEMAND.mp4,DEMAND1,D_03_080,63,train
P43,5632090317291663-FOREIGNER.mp4,FOREIGNER1,C_01_077,73,train
P40,7717057217254395-THEY.mp4,THEY1,F_02_103,95,train
P40,21338949344886227-PATIENT 2.mp4,PATIENT2,B_01_085,87,train
P40,8089330458355601-LOCK.mp4,LOCK1,H_02_017,79,train
P40,7102622774546783-BELT.mp4,BELT1,A_03_036,26,train
P40,6942834524009942-BEE.mp4,BEE1,J_02_101,23,train
P40,4049995708628238-TAKE OFF.mp4,TAKEOFF1,F_01_020,94,train
P40,4612467897905175-TWINS.mp4,TWINS1,F_01_032,97,train
P40,9502926253049975-CANCER.mp4,CANCER1,F_01_047,45,train
P40,5010906491885074-DEVELOP.mp4,DEVELOP1,J_03_092,64,train
P40,7900722949705501-HOSPITAL.mp4,HOSPITAL1,B_02_026,76,train
P40,16099487151956193-BASKETBALL.mp4,BASKETBALL1,A_03_045,20,train
P40,23481071177880364-FINE.mp4,FINE1,C_01_043,72,train
P40,08003931001097664-DECIDE.mp4,DECIDE1,B_02_074,62,train
P40,1420171385528981-ROCKING CHAIR.mp4,ROCKINGCHAIR1,G_01_010,91,train
P40,9636912643721647-BREAKFAST.mp4,BREAKFAST1,J_01_053,36,train
P40,7822434515793355-DEAF.mp4,DEAF1,F_03_038,61,train
P40,39156258358370355-CHRISTMAS.mp4,CHRISTMAS1,F_03_029,57,train
P40,09459364825922179-NIGHT.mp4,NIGHT1,A_01_003,84,train
P40,10420903219156519-CANCEL.mp4,CANCEL1,F_03_083,43,train
P40,9724596719903091-BELIEVE.mp4,BELIEVE1,D_02_049,25,train
P40,6929838002903266-HALLOWEEN.mp4,HALLOWEEN1,G_03_011,75,train
P40,48046366607913615-DINNER.mp4,DINNER1,G_03_044,65,train
P40,787280411475551-EDIT.mp4,EDIT1,G_02_057,70,train
P40,3476425948425619-RIVER.mp4,RIVER1,A_03_035,90,train
P40,23099527328070546-AXE.mp4,AXE1,G_03_066,14,train
P40,49801930250928317-DOG.mp4,DOG1,A_01_056,66,train
P40,6356650419987919-TWINS.mp4,TWINS1,F_01_032,97,train
P40,9434171694753406-DINNER.mp4,DINNER1,G_03_044,65,train
P40,6774117724322335-CANCER.mp4,CANCER1,F_01_047,45,train
P40,971053005591326-BITE.mp4,BITE1,K_02_045,27,train
P40,8499404153465504-RECENT.mp4,RECENT1,H_03_090,88,train
P40,053106826215107095-CHRISTMAS.mp4,CHRISTMAS1,F_03_029,57,train
P40,11654955478904716-BOTTLE.mp4,BOTTLE,D_02_064,30,train
P40,08287833815598877-CANDY 2.mp4,CANDY2,D_02_079,46,train
P40,874252872363438-BEHAVIOR.mp4,BEHAVIOR,C_02_036,24,train
P40,9366699230120215-CATEGORY.mp4,CATEGORY,E_01_034,49,train
P40,5953206950175787-MECHANIC.mp4,MECHANIC1,A_03_030,81,train
P40,929570016067665-AXE.mp4,AXE1,G_03_066,14,train
P40,5142300236527306-DARK.mp4,DARK1,J_03_094,60,train
P40,9429370203576863-PARTY.mp4,PARTY1,G_02_059,86,train
P40,6130243273742142-MICROSCOPE.mp4,MICROSCOPE1,A_03_076,82,train
P40,732633399046634-AUTISM.mp4,AUTISM1,F_03_011,13,train
P40,6070646482256394-HALLOWEEN.mp4,HALLOWEEN1,G_03_011,75,train
P40,04285571045954972-BASEBALL CAP.mp4,BASEBALLCAP,G_02_072,17,train
P40,8667743378159272-NOON.mp4,NOON1,G_02_014,85,train
P40,8084663024717549-CHEEK.mp4,CHEEK,G_03_052,56,train
P40,6639265388456241-THIRD.mp4,THIRD1,F_02_088,96,train
P40,44818013490597974-BITE.mp4,BITE1,K_02_045,27,train
P40,955313458972125-DRAG.mp4,DRAG1,J_02_039,68,train
P40,0048559284485312215-CONFUSED.mp4,CONFUSED1,J_01_110,59,train
P43,8461684479303309-DOWNSIZE.mp4,DOWNSIZE1,C_01_055,67,train
P43,5302538849206411-HURDLE-TRIP.mp4,HURDLE/TRIP1,G_01_036,77,train
P43,26657946023294365-THEY.mp4,THEY1,F_02_103,95,train
P43,815549920734588-BACKPACK.mp4,BACKPACK1,G_03_091,16,train
P43,01966300513612751-EDIT.mp4,EDIT1,G_02_057,70,train
P43,6829022140674217-SPECIAL.mp4,SPECIAL1,J_02_020,93,train
P43,11496556828615034-CONFUSED.mp4,CONFUSED1,J_01_110,59,train
P43,5359975946329862-DRAG.mp4,DRAG1,J_02_039,68,train
P43,6682248216038862-DEVELOP.mp4,DEVELOP1,J_03_092,64,train
P43,41596771111813013-CALENDAR.mp4,CALENDAR1,A_03_001,41,train
P43,0154551425577234-WHAT FOR.mp4,WHATFOR1,C_02_054,99,train
P43,9566049112694803-THEY.mp4,THEY1,F_02_103,95,train
P43,8229344087589305-PATIENT 2.mp4,PATIENT2,B_01_085,87,train
P43,7256939070327812-LOCK.mp4,LOCK1,H_02_017,79,train
P43,7844446995930539-BELT.mp4,BELT1,A_03_036,26,train
P40,6983039041415455-CANCEL.mp4,CANCEL1,F_03_083,43,train
P40,5577903292454827-RECENT.mp4,RECENT1,H_03_090,88,train
P40,7339086150775165-THIRD.mp4,THIRD1,F_02_088,96,train
P40,6733982740236468-RESEARCH.mp4,RESEARCH1,B_03_084,89,train
P40,31541023494010045-BELIEVE.mp4,BELIEVE1,D_02_049,25,train
P40,5268072837528903-WHAT FOR.mp4,WHATFOR1,C_02_054,99,train
P40,4980758080077503-MICROSCOPE.mp4,MICROSCOPE1,A_03_076,82,train
P40,10032313363697454-ABOUT.mp4,ABOUT1,B_02_072,1,train
P40,4701606875522637-BOY.mp4,BOY,B_02_090,33,train
P40,9825690623317844-GUESS.mp4,GUESS1,D_02_013,74,train
P40,5237431195885818-EAT.mp4,EAT1,B_02_002,69,train
P40,8566463345061712-DOG.mp4,DOG1,A_01_056,66,train
P40,38648445722197544-BEE.mp4,BEE1,J_02_101,23,train
P40,4736662703887722-LOCK.mp4,LOCK1,H_02_017,79,train
P40,5544244053704075-LUNCH.mp4,LUNCH1,G_02_081,80,train
P40,512282168006243-TYPE.mp4,TYPE1,F_03_059,98,train
P40,5701936378006789-MECHANIC.mp4,MECHANIC1,A_03_030,81,train
P40,7258152184772868-BATH.mp4,BATH,B_01_019,21,train
P40,3709997507310303-ANGRY.mp4,ANGRY,B_01_070,9,train
P40,335046616135632-BRIDGE.mp4,BRIDGE1,A_03_081,37,train
P40,8999699876786247-BUTTERFLY.mp4,BUTTERFLY,A_03_056,39,train
P40,8971591341871883-BECAUSE.mp4,BECAUSE,B_01_049,22,train
P40,48236686990960176-BELT.mp4,BELT1,A_03_036,26,train
P40,8197430169000788-CABINET.mp4,CABINET,B_03_030,40,train
P40,2078757046722417-ALPHABET.mp4,ALPHABET,B_02_024,7,train
P40,13498585088047066-BROTHER.mp4,BROTHER,B_01_065,38,train
P40,6276595334823785-AFTER.mp4,AFTER,B_02_030,4,train
P40,7999799158207466-BASEMENT.mp4,BASEMENT,C_01_034,18,train
P40,4933951543518236-MOVIE.mp4,MOVIE1,B_03_077,83,train
P40,12727994381994168-CALL TTY.mp4,CALLTTY,B_03_026,42,train
P40,06047495375143819-AND.mp4,AND,B_03_072,8,train
P40,7639386079513788-CHARACTER.mp4,CHARACTER,B_02_088,54,train
P40,46662349758692256-BORROW.mp4,BORROW,B_03_055,29,train
P40,33555147348315106-EAT.mp4,EAT1,B_02_002,69,train
P40,7471568849742254-TYPE.mp4,TYPE1,F_03_059,98,train
P40,5201167247227318-DECIDE.mp4,DECIDE1,B_02_074,62,train
P40,2978383554033186-LETTUCE.mp4,LETTUCE1,A_01_083,78,train
P40,39648042077468615-SHAVE.mp4,SHAVE1,J_02_018,92,train
P40,3751848542924716-PATIENT 2.mp4,PATIENT2,B_01_085,87,train
P40,24496842757825177-CATHOLIC.mp4,CATHOLIC,B_03_052,50,train
P40,6741912564576187-FINE.mp4,FINE1,C_01_043,72,train
P40,220586834815649-5 DOLLARS.mp4,5DOLLARS,B_01_062,0,train
P40,9571221473356939-HOSPITAL.mp4,HOSPITAL1,B_02_026,76,train
P40,3249742604027148-BLOOD.mp4,BLOOD,C_01_087,28,train
P40,40983358048023955-BRAVE.mp4,BRAVE,B_03_050,35,train
P40,8384344275744424-ACTION.mp4,ACTION,C_01_026,2,train
P40,009252570300134266-FOREIGNER.mp4,FOREIGNER1,C_01_077,73,train
P40,4619614203621971-CANCELLATION.mp4,CANCELLATION,C_02_017,44,train
P40,5094255125387595-ALARM.mp4,ALARM,C_01_085,5,train
P40,7082964935958087-BOWL.mp4,BOWL,C_03_049,31,train
P40,7185184387987891-APPEAR.mp4,APPEAR,C_03_064,11,train
P40,7416766344210868-CHANNEL.mp4,CHANNEL,C_03_023,53,train
P40,8789207848539706-MOVIE.mp4,MOVIE1,B_03_077,83,train
P40,2659454950769071-DEMAND.mp4,DEMAND1,D_03_080,63,train
P40,5587895567339765-BACK OUT.mp4,BACKOUT,F_01_041,15,train
P40,22740176371103216-BASKET 2.mp4,BASKET1,E_01_060,19,train
P40,8275587829148456-LUNCH.mp4,LUNCH1,G_02_081,80,train
P40,08890193086804521-CHAIN.mp4,CHAIN,E_02_055,52,train
P40,5209944053816196-CHASE.mp4,CHASE,F_03_017,55,train
P40,752318181570734-BOXING.mp4,BOXING,F_03_050,32,train
P40,36877525932245203-NOON.mp4,NOON1,G_02_014,85,train
P40,8003732238675179-DEAF.mp4,DEAF1,F_03_038,61,train
P40,8434418760595921-ROCKING CHAIR.mp4,ROCKINGCHAIR1,G_01_010,91,train
P40,6219112771870119-HURDLE-TRIP.mp4,HURDLE/TRIP1,G_01_036,77,train
P40,2219395244374549-PARTY.mp4,PARTY1,G_02_059,86,train
P40,6746531225181476-SPECIAL.mp4,SPECIAL1,J_02_020,93,train
P40,355641287689366-ELEVATOR.mp4,ELEVATOR1,G_03_036,71,train
P40,6363286086951516-WHAT FOR.mp4,WHATFOR1,C_02_054,99,train
P40,6813035797502778-ELEVATOR.mp4,ELEVATOR1,G_03_036,71,train
P40,9656887886050163-SHAVE.mp4,SHAVE1,J_02_018,92,train
P40,418891203486327-RESEARCH.mp4,RESEARCH1,B_03_084,89,train
P40,864908228939657-NIGHT.mp4,NIGHT1,A_01_003,84,train
P40,9291122935305882-RIVER.mp4,RIVER1,A_03_035,90,train
P40,644949628882094-LETTUCE.mp4,LETTUCE1,A_01_083,78,train
P14,5099815025891361-BEE.mp4,BEE1,J_02_101,23,train
P14,36678181778247376-TAKE OFF.mp4,TAKEOFF1,F_01_020,94,train
P14,5792471419482148-TWINS.mp4,TWINS1,F_01_032,97,train
P14,6945672015907272-CANCER.mp4,CANCER1,F_01_047,45,train
P43,2751615738895319-BEE.mp4,BEE1,J_02_101,23,train
P43,9855459225573504-TWINS.mp4,TWINS1,F_01_032,97,train
P43,08979220108286445-CANCER.mp4,CANCER1,F_01_047,45,train
P14,8291987028561796-DEVELOP.mp4,DEVELOP1,J_03_092,64,train
P14,6004944388944689-BASKETBALL.mp4,BASKETBALL1,A_03_045,20,train
P14,6865453372883275-HOSPITAL.mp4,HOSPITAL1,B_02_026,76,train
P14,5343394629701335-BASKETBALL.mp4,BASKETBALL1,A_03_045,20,train
P14,7081997886148117-FINE.mp4,FINE1,C_01_043,72,train
P14,8118012997438901-DECIDE.mp4,DECIDE1,B_02_074,62,train
P14,8471757241063476-ROCKING CHAIR.mp4,ROCKINGCHAIR1,G_01_010,91,train
P14,3253364009512456-BREAKFAST.mp4,BREAKFAST1,J_01_053,36,train
P14,07807851209534378-DEAF.mp4,DEAF1,F_03_038,61,train
P14,039484492892392975-CHRISTMAS.mp4,CHRISTMAS1,F_03_029,57,train
P40,9606737155753842-FINE.mp4,FINE1,C_01_043,72,train
P40,2464053408649325-DECIDE.mp4,DECIDE1,B_02_074,62,train
P40,29979456948110217-ROCKING CHAIR.mp4,ROCKINGCHAIR1,G_01_010,91,train
P40,23598266126803202-BREAKFAST.mp4,BREAKFAST1,J_01_053,36,train
P40,14662097708148014-DEAF.mp4,DEAF1,F_03_038,61,train
P40,4258868809320071-CHRISTMAS.mp4,CHRISTMAS1,F_03_029,57,train
P40,31514063915992985-NIGHT.mp4,NIGHT1,A_01_003,84,train
P40,6418132021812264-CANCEL.mp4,CANCEL1,F_03_083,43,train
P40,9580808401067789-BELIEVE.mp4,BELIEVE1,D_02_049,25,train
P40,908062996019108-HALLOWEEN.mp4,HALLOWEEN1,G_03_011,75,train
P40,6584846911041882-DINNER.mp4,DINNER1,G_03_044,65,train
P40,492472111545067-EDIT.mp4,EDIT1,G_02_057,70,train
P40,8589784706899264-RIVER.mp4,RIVER1,A_03_035,90,train
P40,10598328043940142-AXE.mp4,AXE1,G_03_066,14,train
P40,5592729674908328-DOG.mp4,DOG1,A_01_056,66,train
P40,725056754340963-TWINS.mp4,TWINS1,F_01_032,97,train
P40,3523191235503629-TAKE OFF.mp4,TAKEOFF1,F_01_020,94,train
P40,18123549863499044-DINNER.mp4,DINNER1,G_03_044,65,train
P40,09886203907430358-CANCER.mp4,CANCER1,F_01_047,45,train
P40,9595255203933857-BITE.mp4,BITE1,K_02_045,27,train
P40,9582575627933281-RECENT.mp4,RECENT1,H_03_090,88,train
P40,34643685207865804-CHRISTMAS.mp4,CHRISTMAS1,F_03_029,57,train
P40,7001602028900342-BOTTLE.mp4,BOTTLE,D_02_064,30,train
P40,06562237237467672-CANDY 2.mp4,CANDY2,D_02_079,46,train
P40,8155229305795542-CASTLE 4.mp4,CASTLE4,K_03_110,48,train
P40,17114094265758406-BRAIDS.mp4,BRAIDS,K_03_125,34,train
P40,2580996150082284-BEHAVIOR.mp4,BEHAVIOR,C_02_036,24,train
P40,02490137063434572-CATEGORY.mp4,CATEGORY,E_01_034,49,train
P40,6748150903389767-MECHANIC.mp4,MECHANIC1,A_03_030,81,train
P40,5947453960317015-AXE.mp4,AXE1,G_03_066,14,train
P40,12613067091418184-DARK.mp4,DARK1,J_03_094,60,train
P40,880350293979757-PARTY.mp4,PARTY1,G_02_059,86,train
P37,6280906175309462-NIGHT.mp4,NIGHT1,A_01_003,84,train
P37,633243741206347-CANCEL.mp4,CANCEL1,F_03_083,43,train
P37,050827589503813275-BELIEVE.mp4,BELIEVE1,D_02_049,25,train
P37,11373297457714404-HALLOWEEN.mp4,HALLOWEEN1,G_03_011,75,train
P37,7262160429010622-DINNER.mp4,DINNER1,G_03_044,65,train
P37,001816412710498927-EDIT.mp4,EDIT1,G_02_057,70,train
P37,14452835191017854-RIVER.mp4,RIVER1,A_03_035,90,train
P37,29360158406046777-AXE.mp4,AXE1,G_03_066,14,train
P37,06960268077531429-DOG.mp4,DOG1,A_01_056,66,train
P37,37682735850288696-TWINS.mp4,TWINS1,F_01_032,97,train
P37,16971177571772045-TAKE OFF.mp4,TAKEOFF1,F_01_020,94,train
P37,5128050702012583-DINNER.mp4,DINNER1,G_03_044,65,train
P37,6798088944949527-CANCER.mp4,CANCER1,F_01_047,45,train
P37,665146404453939-BITE.mp4,BITE1,K_02_045,27,train
P37,9992150959204005-RECENT.mp4,RECENT1,H_03_090,88,train
P37,07089556753815351-CHRISTMAS.mp4,CHRISTMAS1,F_03_029,57,train
P37,9905277093135028-BOTTLE.mp4,BOTTLE,D_02_064,30,train
P37,9331308031305054-CANDY 2.mp4,CANDY2,D_02_079,46,train
P37,6496011203194725-CASTLE 4.mp4,CASTLE4,K_03_110,48,train
P37,07627642156047654-BRAIDS.mp4,BRAIDS,K_03_125,34,train
P37,010970253307673206-BEHAVIOR.mp4,BEHAVIOR,C_02_036,24,train
P37,4218684862336075-CATEGORY.mp4,CATEGORY,E_01_034,49,train
P37,8559840912696828-MECHANIC.mp4,MECHANIC1,A_03_030,81,train
P37,21310388087265242-AXE.mp4,AXE1,G_03_066,14,train
P37,10722954174527533-DARK.mp4,DARK1,J_03_094,60,train
P37,9047865551380374-PARTY.mp4,PARTY1,G_02_059,86,train
P37,6818463315417742-MICROSCOPE.mp4,MICROSCOPE1,A_03_076,82,train
P37,41563433864841737-AUTISM.mp4,AUTISM1,F_03_011,13,train
P37,6032955938801456-HALLOWEEN.mp4,HALLOWEEN1,G_03_011,75,train
P37,6081830150824254-BASEBALL CAP.mp4,BASEBALLCAP,G_02_072,17,train
P37,1012683026825647-NOON.mp4,NOON1,G_02_014,85,train
P37,6920716309074284-CHEEK.mp4,CHEEK,G_03_052,56,train
P37,9015399008682803-THIRD.mp4,THIRD1,F_02_088,96,train
P37,6392685968074112-BITE.mp4,BITE1,K_02_045,27,train
P37,8724686458103836-DRAG.mp4,DRAG1,J_02_039,68,train
P37,7246944741037324-CONFUSED.mp4,CONFUSED1,J_01_110,59,train
P37,05439811641925085-RESEARCH.mp4,RESEARCH1,B_03_084,89,train
P37,8912582440228616-BELIEVE.mp4,BELIEVE1,D_02_049,25,train
P37,7303821349711297-CLOUD.mp4,CLOUD1,D_01_092,58,train
P37,8639087490010726-WHAT FOR.mp4,WHATFOR1,C_02_054,99,train
P37,26540643811273745-BASKETBALL.mp4,BASKETBALL1,A_03_045,20,train
P37,7004505898659963-MICROSCOPE.mp4,MICROSCOPE1,A_03_076,82,train
P37,05289771376597718-ABOUT.mp4,ABOUT1,B_02_072,1,train
P37,1845988193133219-BOY.mp4,BOY,B_02_090,33,train
P37,4920186526279182-GUESS.mp4,GUESS1,D_02_013,74,train
P37,3878260902223658-EAT.mp4,EAT1,B_02_002,69,train
P37,8742773141210243-DOG.mp4,DOG1,A_01_056,66,train
P37,5793822075348691-BEE.mp4,BEE1,J_02_101,23,train
P37,27486118477949417-LOCK.mp4,LOCK1,H_02_017,79,train
P37,32676509597778347-LUNCH.mp4,LUNCH1,G_02_081,80,train
P37,15322175525553972-TYPE.mp4,TYPE1,F_03_059,98,train
P37,4451754011272593-MECHANIC.mp4,MECHANIC1,A_03_030,81,train
P37,8462213144332857-BATH.mp4,BATH,B_01_019,21,train
P37,15471453286217618-ANGRY.mp4,ANGRY,B_01_070,9,train
P37,40445292724522974-BRIDGE.mp4,BRIDGE1,A_03_081,37,train
P37,4802355932387863-BUTTERFLY.mp4,BUTTERFLY,A_03_056,39,train
P37,9103537770737806-BECAUSE.mp4,BECAUSE,B_01_049,22,train
P37,1672237389327702-BELT.mp4,BELT1,A_03_036,26,train
P37,7712414501847134-CABINET.mp4,CABINET,B_03_030,40,train
P37,04209875382002948-ALPHABET.mp4,ALPHABET,B_02_024,7,train
P37,4649907997271234-BROTHER.mp4,BROTHER,B_01_065,38,train
P37,004887847449436045-AFTER.mp4,AFTER,B_02_030,4,train
P37,9055889816858886-BASEMENT.mp4,BASEMENT,C_01_034,18,train
P37,5994112703321048-MOVIE.mp4,MOVIE1,B_03_077,83,train
P37,7938459259825865-CALL TTY.mp4,CALLTTY,B_03_026,42,train
P37,6425491441035218-AND.mp4,AND,B_03_072,8,train
P37,3049515280092421-CHARACTER.mp4,CHARACTER,B_02_088,54,train
P37,5742605484803873-BORROW.mp4,BORROW,B_03_055,29,train
P37,4589443576656864-EAT.mp4,EAT1,B_02_002,69,train
P37,9429443550831056-TYPE.mp4,TYPE1,F_03_059,98,train
P37,3134439061460399-DECIDE.mp4,DECIDE1,B_02_074,62,train
P37,7000874243015813-LETTUCE.mp4,LETTUCE1,A_01_083,78,train
P37,3035499350705533-SHAVE.mp4,SHAVE1,J_02_018,92,train
P37,5781025522650556-PATIENT 2.mp4,PATIENT2,B_01_085,87,train
P37,4191234565728781-CATHOLIC.mp4,CATHOLIC,B_03_052,50,train
P37,4326169993763198-FINE.mp4,FINE1,C_01_043,72,train
P37,8003382091872024-5 DOLLARS.mp4,5DOLLARS,B_01_062,0,train
P37,8512749353267319-HOSPITAL.mp4,HOSPITAL1,B_02_026,76,train
P37,04104127400292379-BLOOD.mp4,BLOOD,C_01_087,28,train
P37,08302997220755581-BRAVE.mp4,BRAVE,B_03_050,35,train
P37,07811938540831354-ACTION.mp4,ACTION,C_01_026,2,train
P37,8659755342997295-FOREIGNER.mp4,FOREIGNER1,C_01_077,73,train
P37,37501628654666685-CANCELLATION.mp4,CANCELLATION,C_02_017,44,train
P37,9360594608322135-ALARM.mp4,ALARM,C_01_085,5,train
P37,23421934614428053-BOWL.mp4,BOWL,C_03_049,31,train
P37,046640480427470266-APPEAR.mp4,APPEAR,C_03_064,11,train
P37,22878192813095-CHANNEL.mp4,CHANNEL,C_03_023,53,train
P37,8843566864261965-MOVIE.mp4,MOVIE1,B_03_077,83,train
P37,9409105345475277-DEMAND.mp4,DEMAND1,D_03_080,63,train
P37,907695515584602-BACK OUT.mp4,BACKOUT,F_01_041,15,train
P40,9369777220709194-LUNCH.mp4,LUNCH1,G_02_081,80,train
P40,7684766808275134-CHAIN.mp4,CHAIN,E_02_055,52,train
P40,7361740532823176-CHASE.mp4,CHASE,F_03_017,55,train
P40,6566112740628165-BOXING.mp4,BOXING,F_03_050,32,train
P40,01629043211279435-NOON.mp4,NOON1,G_02_014,85,train
P37,9283181484122276-BASKET 2.mp4,BASKET1,E_01_060,19,train
P37,8636304237339409-LUNCH.mp4,LUNCH1,G_02_081,80,train
P37,2342707850085992-CHAIN.mp4,CHAIN,E_02_055,52,train
P37,4965864599765737-CHASE.mp4,CHASE,F_03_017,55,train
P37,38238803992261583-BOXING.mp4,BOXING,F_03_050,32,train
P37,21705819557923456-NOON.mp4,NOON1,G_02_014,85,train
P34,6846372391393167-ADVERTISE.mp4,ADVERTISE,J_03_015,3,train
P37,6187924508249534-ADVERTISE.mp4,ADVERTISE,J_03_015,3,train
P37,20831865620547463-DRAG.mp4,DRAG1,J_02_039,68,train
P37,7201139167303696-BASKETBALL.mp4,BASKETBALL1,A_03_045,20,train
P37,21253872428857212-CLOUD.mp4,CLOUD1,D_01_092,58,train
P37,574320721966243-CALENDAR.mp4,CALENDAR1,A_03_001,41,train
P37,4258113263759955-DOWNSIZE.mp4,DOWNSIZE1,C_01_055,67,train
P37,9833342420720304-DEAF.mp4,DEAF1,F_03_038,61,train
P37,8271264164311205-ROCKING CHAIR.mp4,ROCKINGCHAIR1,G_01_010,91,train
P37,717226063042893-HURDLE-TRIP.mp4,HURDLE/TRIP1,G_01_036,77,train
P37,49302512158389566-PARTY.mp4,PARTY1,G_02_059,86,train
P37,5341868573477482-BACKPACK.mp4,BACKPACK1,G_03_091,16,train
P37,20032450550143444-CAPTURE.mp4,CAPTURE,H_03_048,47,train
P37,2831801404562706-ANYONE.mp4,ANYONE,H_01_059,10,train
P37,06932549531498955-CEMETERY.mp4,CEMETERY,H_01_037,51,train
P37,6181166861944667-ALL OF_SUDDEN.mp4,ALLOFSUDDEN,H_01_096,6,train
P37,7511137065965892-BREAKFAST.mp4,BREAKFAST1,J_01_053,36,train
P37,8615822021106332-DOG.mp4,DOG1,A_01_056,66,train
P37,5156194365351785-DARK.mp4,DARK1,J_03_094,60,train
P37,36149171254574775-GUESS.mp4,GUESS1,D_02_013,74,train
P37,8013864241285453-DEMAND.mp4,DEMAND1,D_03_080,63,train
P37,4093382044924032-FOREIGNER.mp4,FOREIGNER1,C_01_077,73,train
P37,08234416557961-DOWNSIZE.mp4,DOWNSIZE1,C_01_055,67,train
P38,9802753357268721-THEY.mp4,THEY1,F_02_103,95,train
P34,999099210781961-PATIENT 2.mp4,PATIENT2,B_01_085,87,train
P34,6988945904320409-BELT.mp4,BELT1,A_03_036,26,train
P34,06589547219444203-DEVELOP.mp4,DEVELOP1,J_03_092,64,train
P34,9208583735199847-HOSPITAL.mp4,HOSPITAL1,B_02_026,76,train
P34,6993782178496888-BASKETBALL.mp4,BASKETBALL1,A_03_045,20,train
P34,42151091506894045-TAKE OFF.mp4,TAKEOFF1,F_01_020,94,train
P34,46262061906755614-CASTLE 4.mp4,CASTLE4,K_03_110,48,train
P34,19025936926709042-BRAIDS.mp4,BRAIDS,K_03_125,34,train
P34,09038913129745407-MICROSCOPE.mp4,MICROSCOPE1,A_03_076,82,train
P34,871345534397411-AUTISM.mp4,AUTISM1,F_03_011,13,train
P34,3607187019529545-HALLOWEEN.mp4,HALLOWEEN1,G_03_011,75,train
P34,775645261530816-BASEBALL CAP.mp4,BASEBALLCAP,G_02_072,17,train
P34,7598640656603028-NOON.mp4,NOON1,G_02_014,85,train
P34,2610190313064251-CHEEK.mp4,CHEEK,G_03_052,56,train
P34,3760683278090644-THIRD.mp4,THIRD1,F_02_088,96,train
P34,21452718054280906-BITE.mp4,BITE1,K_02_045,27,train
P34,7578829439834385-DRAG.mp4,DRAG1,J_02_039,68,train
P7,3232107259587049-SPECIAL.mp4,SPECIAL1,J_02_020,93,train
P7,25163194051761417-ELEVATOR.mp4,ELEVATOR1,G_03_036,71,train
P7,01789094394246238-WHAT FOR.mp4,WHATFOR1,C_02_054,99,train
P7,8710927730521709-ELEVATOR.mp4,ELEVATOR1,G_03_036,71,train
P7,09015851628987148-SHAVE.mp4,SHAVE1,J_02_018,92,train
P7,22043608043834606-RESEARCH.mp4,RESEARCH1,B_03_084,89,train
P7,09421450639596118-NIGHT.mp4,NIGHT1,A_01_003,84,train
P7,31833969496212267-RIVER.mp4,RIVER1,A_03_035,90,train
P7,5751161286682638-LETTUCE.mp4,LETTUCE1,A_01_083,78,train
P7,09161156077466215-CLOUD.mp4,CLOUD1,D_01_092,58,train
P7,7747006274062858-CALENDAR.mp4,CALENDAR1,A_03_001,41,train
P7,7283627553506011-MECHANIC.mp4,MECHANIC1,A_03_030,81,train
P7,6913153999030439-BATH.mp4,BATH,B_01_019,21,train
P7,10954121875598655-ANGRY.mp4,ANGRY,B_01_070,9,train
P7,36897191983576905-BRIDGE.mp4,BRIDGE1,A_03_081,37,train
P7,9605654044153882-BUTTERFLY.mp4,BUTTERFLY,A_03_056,39,train
P7,07046710854641991-BECAUSE.mp4,BECAUSE,B_01_049,22,train
P7,8256868559091335-BELT.mp4,BELT1,A_03_036,26,train
P7,9810377484871167-CABINET.mp4,CABINET,B_03_030,40,train
P7,32575381691299743-ALPHABET.mp4,ALPHABET,B_02_024,7,train
P7,5300191533671401-BROTHER.mp4,BROTHER,B_01_065,38,train
P7,1866812929675714-AFTER.mp4,AFTER,B_02_030,4,train
P7,362690375710766-BASEMENT.mp4,BASEMENT,C_01_034,18,train
P7,014770041748456197-MOVIE.mp4,MOVIE1,B_03_077,83,train
P7,3256030268720562-CALL TTY.mp4,CALLTTY,B_03_026,42,train
P7,23660002991445417-AND.mp4,AND,B_03_072,8,train
P7,19802861748753053-CHARACTER.mp4,CHARACTER,B_02_088,54,train
P7,1350144432944682-BORROW.mp4,BORROW,B_03_055,29,train
P7,3407129339550383-EAT.mp4,EAT1,B_02_002,69,train
P7,2079003378362847-TYPE.mp4,TYPE1,F_03_059,98,train
P7,49337666671535385-DECIDE.mp4,DECIDE1,B_02_074,62,train
P7,425667211082861-DOWNSIZE.mp4,DOWNSIZE1,C_01_055,67,train
P7,6100485201369457-APPLE.mp4,APPLE,A_03_054,12,train
P7,2892171762657494-LETTUCE.mp4,LETTUCE1,A_01_083,78,train
P7,6274445274714053-SHAVE.mp4,SHAVE1,J_02_018,92,train
P7,6963627116990179-PATIENT 2.mp4,PATIENT2,B_01_085,87,train
P7,06951583315417387-CATHOLIC.mp4,CATHOLIC,B_03_052,50,train
P7,4373322507640063-FINE.mp4,FINE1,C_01_043,72,train
P7,9170671032109232-5 DOLLARS.mp4,5DOLLARS,B_01_062,0,train
P7,5892698339580624-HOSPITAL.mp4,HOSPITAL1,B_02_026,76,train
P7,025713906446628743-BLOOD.mp4,BLOOD,C_01_087,28,train
P7,826287172670046-BRAVE.mp4,BRAVE,B_03_050,35,train
P7,5236570779366814-ACTION.mp4,ACTION,C_01_026,2,train
P7,47654404282838847-FOREIGNER.mp4,FOREIGNER1,C_01_077,73,train
P7,11249646142966907-CANCELLATION.mp4,CANCELLATION,C_02_017,44,train
P7,7031727030753636-ALARM.mp4,ALARM,C_01_085,5,train
P37,5505491491454495-SPECIAL.mp4,SPECIAL1,J_02_020,93,train
P37,17661385034531007-ELEVATOR.mp4,ELEVATOR1,G_03_036,71,train
P37,16185522171162914-WHAT FOR.mp4,WHATFOR1,C_02_054,99,train
P37,36318193518975583-ELEVATOR.mp4,ELEVATOR1,G_03_036,71,train
P37,11560935788183668-SHAVE.mp4,SHAVE1,J_02_018,92,train
P37,5661263952837914-RESEARCH.mp4,RESEARCH1,B_03_084,89,train
P37,9789286217696351-NIGHT.mp4,NIGHT1,A_01_003,84,train
P37,7109612761270236-RIVER.mp4,RIVER1,A_03_035,90,train
P37,7043082429571557-LETTUCE.mp4,LETTUCE1,A_01_083,78,train
P37,7146499232909553-APPLE.mp4,APPLE,A_03_054,12,train
P37,6494254793022431-HURDLE-TRIP.mp4,HURDLE/TRIP1,G_01_036,77,train
P37,9636567629487409-CALENDAR.mp4,CALENDAR1,A_03_001,41,train
P37,6237575353180616-WHAT FOR.mp4,WHATFOR1,C_02_054,99,train
P37,8999403469318679-THEY.mp4,THEY1,F_02_103,95,train
P37,7753126798089989-PATIENT 2.mp4,PATIENT2,B_01_085,87,train
P37,5685590569996577-LOCK.mp4,LOCK1,H_02_017,79,train
P51,037721634877925014-SPECIAL.mp4,SPECIAL1,J_02_020,93,train
P51,37990690968507157-ELEVATOR.mp4,ELEVATOR1,G_03_036,71,train
P51,4642599331163948-WHAT FOR.mp4,WHATFOR1,C_02_054,99,train
P51,2045252510515796-ELEVATOR.mp4,ELEVATOR1,G_03_036,71,train
P51,9503414410661455-SHAVE.mp4,SHAVE1,J_02_018,92,train
P51,928567068902588-RESEARCH.mp4,RESEARCH1,B_03_084,89,train
P51,06071790828062662-NIGHT.mp4,NIGHT1,A_01_003,84,train
P51,5064743227381254-RIVER.mp4,RIVER1,A_03_035,90,train
P51,4348168367160372-LETTUCE.mp4,LETTUCE1,A_01_083,78,train
P51,2573567212961194-CLOUD.mp4,CLOUD1,D_01_092,58,train
P51,1600415559854731-CALENDAR.mp4,CALENDAR1,A_03_001,41,train
P51,5209376155397227-MECHANIC.mp4,MECHANIC1,A_03_030,81,train
P7,903443285947815-BOWL.mp4,BOWL,C_03_049,31,train
P7,27162927104644186-APPEAR.mp4,APPEAR,C_03_064,11,train
P7,04692550550323449-CHANNEL.mp4,CHANNEL,C_03_023,53,train
P7,9321058672622045-MOVIE.mp4,MOVIE1,B_03_077,83,train
P7,7896700330944251-DEMAND.mp4,DEMAND1,D_03_080,63,train
P7,37899136902559083-BACK OUT.mp4,BACKOUT,F_01_041,15,train
P7,9644038997019886-BASKET 2.mp4,BASKET1,E_01_060,19,train
P7,7544107826203525-ADVERTISE.mp4,ADVERTISE,J_03_015,3,train
P7,44111809664306545-DRAG.mp4,DRAG1,J_02_039,68,train
P7,008058944502963516-TAKE OFF.mp4,TAKEOFF1,F_01_020,94,train
P7,4707692122950564-BASKETBALL.mp4,BASKETBALL1,A_03_045,20,train
P7,8003555877371669-FINE.mp4,FINE1,C_01_043,72,train
P7,03913027306941852-DECIDE.mp4,DECIDE1,B_02_074,62,train
P7,5167876927498722-ROCKING CHAIR.mp4,ROCKINGCHAIR1,G_01_010,91,train
P7,8518237171580363-BREAKFAST.mp4,BREAKFAST1,J_01_053,36,train
P7,4153430361974173-DEAF.mp4,DEAF1,F_03_038,61,train
P37,4320670014874919-FINE.mp4,FINE1,C_01_043,72,train
P37,2294303196632861-DECIDE.mp4,DECIDE1,B_02_074,62,train
P37,8816752882185881-ROCKING CHAIR.mp4,ROCKINGCHAIR1,G_01_010,91,train
P37,3020133324062588-BREAKFAST.mp4,BREAKFAST1,J_01_053,36,train
P37,9899511825675291-DEAF.mp4,DEAF1,F_03_038,61,train
P37,06683618824707782-CHRISTMAS.mp4,CHRISTMAS1,F_03_029,57,train
P37,2648439776170859-CANCEL.mp4,CANCEL1,F_03_083,43,train
P37,8076163112657544-RECENT.mp4,RECENT1,H_03_090,88,train
P37,05289594676196807-THIRD.mp4,THIRD1,F_02_088,96,train
P37,8679293440719862-THEY.mp4,THEY1,F_02_103,95,train
P37,45004687075063177-BACKPACK.mp4,BACKPACK1,G_03_091,16,train
P37,28879798463378203-EDIT.mp4,EDIT1,G_02_057,70,train
P37,8449356409246851-SPECIAL.mp4,SPECIAL1,J_02_020,93,train
P37,1307076593955785-CONFUSED.mp4,CONFUSED1,J_01_110,59,train
P43,7671759319593303-HALLOWEEN.mp4,HALLOWEEN1,G_03_011,75,train
P43,029798118124713113-DINNER.mp4,DINNER1,G_03_044,65,train
P43,5545943805874143-EDIT.mp4,EDIT1,G_02_057,70,train
P43,16055395237458114-RIVER.mp4,RIVER1,A_03_035,90,train
P43,016134052760367945-AXE.mp4,AXE1,G_03_066,14,train
P43,026269589574182683-DOG.mp4,DOG1,A_01_056,66,train
P43,687175058377234-TWINS.mp4,TWINS1,F_01_032,97,train
P43,6676304088782101-DINNER.mp4,DINNER1,G_03_044,65,train
P43,7065122552937446-CANCER.mp4,CANCER1,F_01_047,45,train
P43,5780599191678353-BITE.mp4,BITE1,K_02_045,27,train
P43,10140039043648663-RECENT.mp4,RECENT1,H_03_090,88,train
P37,06281926263685134-DEVELOP.mp4,DEVELOP1,J_03_092,64,train
P37,23609909148559982-BELT.mp4,BELT1,A_03_036,26,train
P37,8528595356812567-BEE.mp4,BEE1,J_02_101,23,train
P37,7631730254707754-TWINS.mp4,TWINS1,F_01_032,97,train
P37,3400858540940377-CANCER.mp4,CANCER1,F_01_047,45,train
P37,567899330356284-DEVELOP.mp4,DEVELOP1,J_03_092,64,train
P37,6939178350263646-HOSPITAL.mp4,HOSPITAL1,B_02_026,76,train
P37,06779656223967634-BASKETBALL.mp4,BASKETBALL1,A_03_045,20,train
P37,3446718752533997-CHRISTMAS.mp4,CHRISTMAS1,F_03_029,57,train
P37,7374421800025743-BOTTLE.mp4,BOTTLE,D_02_064,30,train
P37,05212260739583496-CANDY 2.mp4,CANDY2,D_02_079,46,train
P37,39228612749840286-BEHAVIOR.mp4,BEHAVIOR,C_02_036,24,train
P37,02865030271489233-CATEGORY.mp4,CATEGORY,E_01_034,49,train
P37,01783748895389059-MECHANIC.mp4,MECHANIC1,A_03_030,81,train
P37,6193814382865199-AXE.mp4,AXE1,G_03_066,14,train
P37,5874541618160627-DARK.mp4,DARK1,J_03_094,60,train
P37,4476163900193748-PARTY.mp4,PARTY1,G_02_059,86,train
P37,7293799339459783-HALLOWEEN.mp4,HALLOWEEN1,G_03_011,75,train
P37,7907560266356091-BASEBALL CAP.mp4,BASEBALLCAP,G_02_072,17,train
P37,5109329041404647-NOON.mp4,NOON1,G_02_014,85,train
P37,765570767759806-CHEEK.mp4,CHEEK,G_03_052,56,train
P37,5911775875982508-THIRD.mp4,THIRD1,F_02_088,96,train
P37,9554537508077097-BITE.mp4,BITE1,K_02_045,27,train
P37,8460134964687784-DRAG.mp4,DRAG1,J_02_039,68,train
P14,6379969048259-CHRISTMAS.mp4,CHRISTMAS1,F_03_029,57,train
P14,5197442310530922-BOTTLE.mp4,BOTTLE,D_02_064,30,train
P14,535372714691124-CANDY 2.mp4,CANDY2,D_02_079,46,train
P14,09235764789446432-BEHAVIOR.mp4,BEHAVIOR,C_02_036,24,train
P14,8112347836642517-CATEGORY.mp4,CATEGORY,E_01_034,49,train
P14,23020749118320083-MECHANIC.mp4,MECHANIC1,A_03_030,81,train
P14,4247633246834668-AXE.mp4,AXE1,G_03_066,14,train
P14,7097143034509819-DARK.mp4,DARK1,J_03_094,60,train
P14,3668590903054323-PARTY.mp4,PARTY1,G_02_059,86,train
P14,505788503144625-HALLOWEEN.mp4,HALLOWEEN1,G_03_011,75,train
P14,23335252750042312-BASEBALL CAP.mp4,BASEBALLCAP,G_02_072,17,train
P14,11647925581755958-NOON.mp4,NOON1,G_02_014,85,train
P14,5987237849331482-CHEEK.mp4,CHEEK,G_03_052,56,train
P14,4788883809061111-THIRD.mp4,THIRD1,F_02_088,96,train
P14,10561452889452339-CLOUD.mp4,CLOUD1,D_01_092,58,train
P14,38661684159752396-BASKETBALL.mp4,BASKETBALL1,A_03_045,20,train
P14,40743125054260143-GUESS.mp4,GUESS1,D_02_013,74,train
P14,5847293981432022-EAT.mp4,EAT1,B_02_002,69,train
P14,07874158333415582-DOG.mp4,DOG1,A_01_056,66,train
P14,26179146231501327-LOCK.mp4,LOCK1,H_02_017,79,train
P14,2526733548905937-LUNCH.mp4,LUNCH1,G_02_081,80,train
P14,10244927190878084-TYPE.mp4,TYPE1,F_03_059,98,train
P14,9645580513144345-LUNCH.mp4,LUNCH1,G_02_081,80,train
P14,609777006407229-CHAIN.mp4,CHAIN,E_02_055,52,train
P14,9799487393689417-CHASE.mp4,CHASE,F_03_017,55,train
P14,9343595032367136-BOXING.mp4,BOXING,F_03_050,32,train
P14,9228081889964546-NOON.mp4,NOON1,G_02_014,85,train
P14,41048138699229675-DEAF.mp4,DEAF1,F_03_038,61,train
P14,8789444273286757-ROCKING CHAIR.mp4,ROCKINGCHAIR1,G_01_010,91,train
P14,627110026160292-HURDLE-TRIP.mp4,HURDLE/TRIP1,G_01_036,77,train
P14,5181304306006971-PARTY.mp4,PARTY1,G_02_059,86,train
P14,9459473560676628-DARK.mp4,DARK1,J_03_094,60,train
P14,09392026245020113-GUESS.mp4,GUESS1,D_02_013,74,train
P14,8976550946721318-DEMAND.mp4,DEMAND1,D_03_080,63,train
P36,944625109900574-CLOUD.mp4,CLOUD1,D_01_092,58,train
P36,306186249835092-BASKETBALL.mp4,BASKETBALL1,A_03_045,20,train
P36,08383243347252911-CHAIN.mp4,CHAIN,E_02_055,52,train
P36,8639739394173287-CHASE.mp4,CHASE,F_03_017,55,train
P36,7971484897982948-BOXING.mp4,BOXING,F_03_050,32,train
P36,3567776249024257-NOON.mp4,NOON1,G_02_014,85,train
P36,6898724827814644-DEAF.mp4,DEAF1,F_03_038,61,train
P36,869561694866692-ROCKING CHAIR.mp4,ROCKINGCHAIR1,G_01_010,91,train
P36,09909674431836946-HURDLE-TRIP.mp4,HURDLE/TRIP1,G_01_036,77,train
P36,6174007229065617-PARTY.mp4,PARTY1,G_02_059,86,train
P36,7972540858425834-DARK.mp4,DARK1,J_03_094,60,train
P36,5972296571735796-GUESS.mp4,GUESS1,D_02_013,74,train
P36,9843084094806342-DEMAND.mp4,DEMAND1,D_03_080,63,train
P36,9801325496042217-FOREIGNER.mp4,FOREIGNER1,C_01_077,73,train
P36,824470489753987-DOWNSIZE.mp4,DOWNSIZE1,C_01_055,67,train
P38,27765274041627186-CONFUSED.mp4,CONFUSED1,J_01_110,59,train
P43,037705099922076935-CONFUSED.mp4,CONFUSED1,J_01_110,59,train
P38,5813305742300381-CASTLE 4.mp4,CASTLE4,K_03_110,48,train
P38,12301657845922032-BRAIDS.mp4,BRAIDS,K_03_125,34,train
P43,3779045036591331-CASTLE 4.mp4,CASTLE4,K_03_110,48,train
P43,03704565390124204-BRAIDS.mp4,BRAIDS,K_03_125,34,train
P43,2339434836957437-MICROSCOPE.mp4,MICROSCOPE1,A_03_076,82,train
P43,9469038212478773-AUTISM.mp4,AUTISM1,F_03_011,13,train
P43,8348105576996043-BITE.mp4,BITE1,K_02_045,27,train
P38,5733685563365543-MICROSCOPE.mp4,MICROSCOPE1,A_03_076,82,train
P38,950812287551968-AUTISM.mp4,AUTISM1,F_03_011,13,train
P38,4076286172592669-BITE.mp4,BITE1,K_02_045,27,train
P7,09763613915615466-BELIEVE.mp4,BELIEVE1,D_02_049,25,train
P7,4633823141411624-WHAT FOR.mp4,WHATFOR1,C_02_054,99,train
P7,2961790146859644-MICROSCOPE.mp4,MICROSCOPE1,A_03_076,82,train
P7,4960359561593253-ABOUT.mp4,ABOUT1,B_02_072,1,train
P7,09185137973370061-BOY.mp4,BOY,B_02_090,33,train
P7,5469237869711352-DARK.mp4,DARK1,J_03_094,60,train
P7,645629558791875-GUESS.mp4,GUESS1,D_02_013,74,train
P7,23465422742749942-DEMAND.mp4,DEMAND1,D_03_080,63,train
P7,7291327672313246-HURDLE-TRIP.mp4,HURDLE/TRIP1,G_01_036,77,train
P7,6968394080379079-DEVELOP.mp4,DEVELOP1,J_03_092,64,train
P7,18899507600819643-PATIENT 2.mp4,PATIENT2,B_01_085,87,train
P7,281800149499168-LOCK.mp4,LOCK1,H_02_017,79,train
P7,2766561198769144-BELT.mp4,BELT1,A_03_036,26,train
P7,2682450733634967-BEE.mp4,BEE1,J_02_101,23,train
P32,11711757232107178-BEE.mp4,BEE1,J_02_101,23,train
P32,14166593755537016-LOCK.mp4,LOCK1,H_02_017,79,train
P32,5227746277679197-LUNCH.mp4,LUNCH1,G_02_081,80,train
P32,9271347907459795-TYPE.mp4,TYPE1,F_03_059,98,train
P36,8903687797420998-HOSPITAL.mp4,HOSPITAL1,B_02_026,76,train
P36,06659727414114647-BLOOD.mp4,BLOOD,C_01_087,28,train
P36,6988556058045394-BRAVE.mp4,BRAVE,B_03_050,35,train
P36,40510474167184896-ACTION.mp4,ACTION,C_01_026,2,train
P36,14237976705607513-FOREIGNER.mp4,FOREIGNER1,C_01_077,73,train
P36,7789248215352813-CANCELLATION.mp4,CANCELLATION,C_02_017,44,train
P36,36285227744262327-ALARM.mp4,ALARM,C_01_085,5,train
P36,24689224267900967-BOWL.mp4,BOWL,C_03_049,31,train
P36,9106589076358866-APPEAR.mp4,APPEAR,C_03_064,11,train
P36,8043797064070148-CHANNEL.mp4,CHANNEL,C_03_023,53,train
P41,16319399751609986-5 DOLLARS.mp4,5DOLLARS,B_01_062,0,train
P2,9413904512602245-DEMAND.mp4,DEMAND1,D_03_080,63,train
P2,05428246392931535-BACK OUT.mp4,BACKOUT,F_01_041,15,train
P2,7416599552276348-BASKET 2.mp4,BASKET1,E_01_060,19,train
P2,43632096411966104-CAPTURE.mp4,CAPTURE,H_03_048,47,train
P2,24170625384326772-ANYONE.mp4,ANYONE,H_01_059,10,train
P2,25342203817340914-CEMETERY.mp4,CEMETERY,H_01_037,51,train
P2,05924519578541765-ALL OF_SUDDEN.mp4,ALLOFSUDDEN,H_01_096,6,train
P2,19424238149124262-BREAKFAST.mp4,BREAKFAST1,J_01_053,36,train
P2,5579280687311736-ADVERTISE.mp4,ADVERTISE,J_03_015,3,train
P16,4906781376506284-MICROSCOPE.mp4,MICROSCOPE1,A_03_076,82,train
P16,3894882235778798-ABOUT.mp4,ABOUT1,B_02_072,1,train
P16,3882428949192609-BOY.mp4,BOY,B_02_090,33,train
P16,76728385169996-GUESS.mp4,GUESS1,D_02_013,74,train
P16,8083635818179542-EAT.mp4,EAT1,B_02_002,69,train
P16,3177705074264898-DOG.mp4,DOG1,A_01_056,66,train
P16,4996876454480068-BEE.mp4,BEE1,J_02_101,23,train
P16,47339479599046586-SPECIAL.mp4,SPECIAL1,J_02_020,93,train
P16,2421908984724852-ELEVATOR.mp4,ELEVATOR1,G_03_036,71,train
P16,5273663135367344-SHAVE.mp4,SHAVE1,J_02_018,92,train
P16,22586486115161453-RESEARCH.mp4,RESEARCH1,B_03_084,89,train
P16,5863018728232312-CALENDAR.mp4,CALENDAR1,A_03_001,41,train
P16,7006076300113806-MECHANIC.mp4,MECHANIC1,A_03_030,81,train
P16,498978534110166-BATH.mp4,BATH,B_01_019,21,train
P16,10882043871893354-ANGRY.mp4,ANGRY,B_01_070,9,train
P16,41297068077681565-BRIDGE.mp4,BRIDGE1,A_03_081,37,train
P16,08862710562633569-BUTTERFLY.mp4,BUTTERFLY,A_03_056,39,train
P16,5395009645630173-BECAUSE.mp4,BECAUSE,B_01_049,22,train
P16,7724705500369646-BELT.mp4,BELT1,A_03_036,26,train
P16,34312770923734726-CABINET.mp4,CABINET,B_03_030,40,train
P16,5050610117079983-ALPHABET.mp4,ALPHABET,B_02_024,7,train
P16,4684116630451267-BROTHER.mp4,BROTHER,B_01_065,38,train
P16,5230971619612976-AFTER.mp4,AFTER,B_02_030,4,train
P16,890357419028311-BASEMENT.mp4,BASEMENT,C_01_034,18,train
P16,9869837760535278-MOVIE.mp4,MOVIE1,B_03_077,83,train
P16,28443825486402274-CALL TTY.mp4,CALLTTY,B_03_026,42,train
P16,3741021155965083-AND.mp4,AND,B_03_072,8,train
P16,879223701885961-CHARACTER.mp4,CHARACTER,B_02_088,54,train
P16,22146680854820167-BORROW.mp4,BORROW,B_03_055,29,train
P16,2084190780128221-DECIDE.mp4,DECIDE1,B_02_074,62,train
P16,5772103335746983-DOWNSIZE.mp4,DOWNSIZE1,C_01_055,67,train
P16,43040594979190994-APPLE.mp4,APPLE,A_03_054,12,train
P16,3841139490634713-PATIENT 2.mp4,PATIENT2,B_01_085,87,train
P16,5112773930389689-CATHOLIC.mp4,CATHOLIC,B_03_052,50,train
P16,2474722734260606-FINE.mp4,FINE1,C_01_043,72,train
P16,8846206002347314-5 DOLLARS.mp4,5DOLLARS,B_01_062,0,train
P16,5986181755240401-HOSPITAL.mp4,HOSPITAL1,B_02_026,76,train
P16,02863010772673369-BLOOD.mp4,BLOOD,C_01_087,28,train
P16,4367765212605881-BRAVE.mp4,BRAVE,B_03_050,35,train
P16,16048823581572358-ACTION.mp4,ACTION,C_01_026,2,train
P16,4498337117179432-FOREIGNER.mp4,FOREIGNER1,C_01_077,73,train
P16,12281796780543153-CANCELLATION.mp4,CANCELLATION,C_02_017,44,train
P16,007052570289345361-ALARM.mp4,ALARM,C_01_085,5,train
P16,04528885570542718-BOWL.mp4,BOWL,C_03_049,31,train
P16,6979319940455995-APPEAR.mp4,APPEAR,C_03_064,11,train
P16,0699347109409787-CHANNEL.mp4,CHANNEL,C_03_023,53,train
P16,28239255124319085-DEMAND.mp4,DEMAND1,D_03_080,63,train
P16,1368347920989088-BACK OUT.mp4,BACKOUT,F_01_041,15,train
P16,6512022446553214-BASKET 2.mp4,BASKET1,E_01_060,19,train
P16,5966497138153777-DEAF.mp4,DEAF1,F_03_038,61,train
P16,3346825695027411-ROCKING CHAIR.mp4,ROCKINGCHAIR1,G_01_010,91,train
P16,7664642326742872-HURDLE-TRIP.mp4,HURDLE/TRIP1,G_01_036,77,train
P16,662077742279779-PARTY.mp4,PARTY1,G_02_059,86,train
P16,7892778893886601-BACKPACK.mp4,BACKPACK1,G_03_091,16,train
P16,07431273052799936-CAPTURE.mp4,CAPTURE,H_03_048,47,train
P16,534254020500949-ANYONE.mp4,ANYONE,H_01_059,10,train
P16,2813735428474613-CEMETERY.mp4,CEMETERY,H_01_037,51,train
P16,9687463829364669-ALL OF_SUDDEN.mp4,ALLOFSUDDEN,H_01_096,6,train
P16,28121654798077556-BREAKFAST.mp4,BREAKFAST1,J_01_053,36,train
P16,8025431070005722-ADVERTISE.mp4,ADVERTISE,J_03_015,3,train
P16,8902733237714864-THEY.mp4,THEY1,F_02_103,95,train
P3,1716101064332085-CONFUSED.mp4,CONFUSED1,J_01_110,59,train
P3,9598491022182714-DRAG.mp4,DRAG1,J_02_039,68,train
P3,3277334754694501-DEVELOP.mp4,DEVELOP1,J_03_092,64,train
P16,7663282914514209-TAKE OFF.mp4,TAKEOFF1,F_01_020,94,train
P16,7382873537276688-TWINS.mp4,TWINS1,F_01_032,97,train
P16,32854358601103684-CANCER.mp4,CANCER1,F_01_047,45,train
P16,14386294518453524-CHRISTMAS.mp4,CHRISTMAS1,F_03_029,57,train
P16,629918688259232-CANCEL.mp4,CANCEL1,F_03_083,43,train
P16,5020573065427365-HALLOWEEN.mp4,HALLOWEEN1,G_03_011,75,train
P16,2272702675257865-DINNER.mp4,DINNER1,G_03_044,65,train
P16,904767261814883-AXE.mp4,AXE1,G_03_066,14,train
P16,6057692249000468-BITE.mp4,BITE1,K_02_045,27,train
P16,9810305250243916-RECENT.mp4,RECENT1,H_03_090,88,train
P16,3579369083395303-BOTTLE.mp4,BOTTLE,D_02_064,30,train
P16,5851595172841455-CANDY 2.mp4,CANDY2,D_02_079,46,train
P16,6148891837505921-CASTLE 4.mp4,CASTLE4,K_03_110,48,train
P16,1529465756846513-BRAIDS.mp4,BRAIDS,K_03_125,34,train
P16,941233037754899-BEHAVIOR.mp4,BEHAVIOR,C_02_036,24,train
P16,08694334915738033-CATEGORY.mp4,CATEGORY,E_01_034,49,train
P16,15891831729246308-AUTISM.mp4,AUTISM1,F_03_011,13,train
P16,20340479836256598-BASEBALL CAP.mp4,BASEBALLCAP,G_02_072,17,train
P16,73489373197301-CHEEK.mp4,CHEEK,G_03_052,56,train
P46,7265533909120991-THIRD.mp4,THIRD1,F_02_088,96,train
P46,3250233036968666-DOG.mp4,DOG1,A_01_056,66,train
P46,4256498922014438-SHAVE.mp4,SHAVE1,J_02_018,92,train
P46,394147254494269-NIGHT.mp4,NIGHT1,A_01_003,84,train
P46,06876184589061962-RIVER.mp4,RIVER1,A_03_035,90,train
P46,49157693216842957-LETTUCE.mp4,LETTUCE1,A_01_083,78,train
P46,9823291320171359-HURDLE-TRIP.mp4,HURDLE/TRIP1,G_01_036,77,train
P46,20413012797687902-EDIT.mp4,EDIT1,G_02_057,70,train
P46,9396070564281847-DEVELOP.mp4,DEVELOP1,J_03_092,64,train
P50,343625949867743-CANCEL.mp4,CANCEL1,F_03_083,43,train
P50,49330241830957844-AUTISM.mp4,AUTISM1,F_03_011,13,train
P50,5570080210629782-BASEBALL CAP.mp4,BASEBALLCAP,G_02_072,17,train
P50,7392892050645878-THIRD.mp4,THIRD1,F_02_088,96,train
P50,36477860725502675-BELIEVE.mp4,BELIEVE1,D_02_049,25,train
P50,585300357390725-ABOUT.mp4,ABOUT1,B_02_072,1,train
P50,3098607539628562-BOY.mp4,BOY,B_02_090,33,train
P50,43234510854275543-EAT.mp4,EAT1,B_02_002,69,train
P50,30953548448841706-DOG.mp4,DOG1,A_01_056,66,train
P50,8698342088354629-BEE.mp4,BEE1,J_02_101,23,train
P50,13769138665846503-LOCK.mp4,LOCK1,H_02_017,79,train
P50,3935927006812532-LUNCH.mp4,LUNCH1,G_02_081,80,train
P50,26529288868028167-TYPE.mp4,TYPE1,F_03_059,98,train
P20,8910737037647345-SPECIAL.mp4,SPECIAL1,J_02_020,93,train
P20,36752310622942996-ELEVATOR.mp4,ELEVATOR1,G_03_036,71,train
P20,4126364508409328-SHAVE.mp4,SHAVE1,J_02_018,92,train
P20,3630344372246559-RESEARCH.mp4,RESEARCH1,B_03_084,89,train
P20,7278705413828479-NIGHT.mp4,NIGHT1,A_01_003,84,train
P20,1466213634135458-RIVER.mp4,RIVER1,A_03_035,90,train
P20,2804944784139731-LETTUCE.mp4,LETTUCE1,A_01_083,78,train
P20,8169054551825763-CALENDAR.mp4,CALENDAR1,A_03_001,41,train
P20,3044178349110944-MECHANIC.mp4,MECHANIC1,A_03_030,81,train
P20,10693191530771817-BATH.mp4,BATH,B_01_019,21,train
P20,6566938551150332-ANGRY.mp4,ANGRY,B_01_070,9,train
P20,37564189536714854-BRIDGE.mp4,BRIDGE1,A_03_081,37,train
P20,7861025124598005-BUTTERFLY.mp4,BUTTERFLY,A_03_056,39,train
P20,6410754012541073-BECAUSE.mp4,BECAUSE,B_01_049,22,train
P20,24932459512655392-BELT.mp4,BELT1,A_03_036,26,train
P20,3637436996877239-CABINET.mp4,CABINET,B_03_030,40,train
P20,6745563196906066-ALPHABET.mp4,ALPHABET,B_02_024,7,train
P20,8528083792258134-BROTHER.mp4,BROTHER,B_01_065,38,train
P20,3528769917926853-AFTER.mp4,AFTER,B_02_030,4,train
P20,8271946399736803-BASEMENT.mp4,BASEMENT,C_01_034,18,train
P20,8666592088970226-MOVIE.mp4,MOVIE1,B_03_077,83,train
P20,9397022804007886-CALL TTY.mp4,CALLTTY,B_03_026,42,train
P20,08581765593382995-AND.mp4,AND,B_03_072,8,train
P20,07587440694021486-CHARACTER.mp4,CHARACTER,B_02_088,54,train
P20,8750436182940804-BORROW.mp4,BORROW,B_03_055,29,train
P50,18324975689751422-SPECIAL.mp4,SPECIAL1,J_02_020,93,train
P50,9013812813155793-ELEVATOR.mp4,ELEVATOR1,G_03_036,71,train
P50,511973028593153-SHAVE.mp4,SHAVE1,J_02_018,92,train
P50,5436534887061129-RESEARCH.mp4,RESEARCH1,B_03_084,89,train
P50,23364729653954308-NIGHT.mp4,NIGHT1,A_01_003,84,train
P50,1480065071863632-RIVER.mp4,RIVER1,A_03_035,90,train
P50,9575984775838982-LETTUCE.mp4,LETTUCE1,A_01_083,78,train
P50,838917655532383-CALENDAR.mp4,CALENDAR1,A_03_001,41,train
P50,46510007087259764-MECHANIC.mp4,MECHANIC1,A_03_030,81,train
P50,704792721918543-BATH.mp4,BATH,B_01_019,21,train
P50,20697031230645102-ANGRY.mp4,ANGRY,B_01_070,9,train
P50,285080328585366-BRIDGE.mp4,BRIDGE1,A_03_081,37,train
P50,9595005070248408-BUTTERFLY.mp4,BUTTERFLY,A_03_056,39,train
P50,5032023927002274-BECAUSE.mp4,BECAUSE,B_01_049,22,train
P50,1357049670063133-DECIDE.mp4,DECIDE1,B_02_074,62,train
P50,3954880705000212-DOWNSIZE.mp4,DOWNSIZE1,C_01_055,67,train
P50,050694111976633094-APPLE.mp4,APPLE,A_03_054,12,train
P50,22335744767716914-HURDLE-TRIP.mp4,HURDLE/TRIP1,G_01_036,77,train
P50,3937261764308986-AXE.mp4,AXE1,G_03_066,14,train
P50,7930783697543875-BITE.mp4,BITE1,K_02_045,27,train
P50,8546250928684171-ALPHABET.mp4,ALPHABET,B_02_024,7,train
P50,7112238068469356-CHRISTMAS.mp4,CHRISTMAS1,F_03_029,57,train
P50,16056344352278007-HALLOWEEN.mp4,HALLOWEEN1,G_03_011,75,train
P50,4339929457756364-DINNER.mp4,DINNER1,G_03_044,65,train
P50,8288846363225153-RECENT.mp4,RECENT1,H_03_090,88,train
P50,598410584626774-BOTTLE.mp4,BOTTLE,D_02_064,30,train
P50,4908391611021796-CANDY 2.mp4,CANDY2,D_02_079,46,train
P50,035365783504532455-CASTLE 4.mp4,CASTLE4,K_03_110,48,train
P50,7352285805845444-BRAIDS.mp4,BRAIDS,K_03_125,34,train
P50,06784248102845303-BEHAVIOR.mp4,BEHAVIOR,C_02_036,24,train
P50,23518674100858927-CATEGORY.mp4,CATEGORY,E_01_034,49,train
P50,9344633322696627-CHEEK.mp4,CHEEK,G_03_052,56,train
P50,7265865133701168-CLOUD.mp4,CLOUD1,D_01_092,58,train
P50,9161417844146778-WHAT FOR.mp4,WHATFOR1,C_02_054,99,train
P50,6932089918973738-BASKETBALL.mp4,BASKETBALL1,A_03_045,20,train
P50,7684390371375207-MICROSCOPE.mp4,MICROSCOPE1,A_03_076,82,train
P50,47729274707136926-BELT.mp4,BELT1,A_03_036,26,train
P50,8408828189218203-CABINET.mp4,CABINET,B_03_030,40,train
P50,6657630771535601-BROTHER.mp4,BROTHER,B_01_065,38,train
P50,5236849539661337-AFTER.mp4,AFTER,B_02_030,4,train
P50,21725974099440593-BASEMENT.mp4,BASEMENT,C_01_034,18,train
P50,01618345574751645-MOVIE.mp4,MOVIE1,B_03_077,83,train
P50,5480385466131126-CALL TTY.mp4,CALLTTY,B_03_026,42,train
P50,6610091794646322-AND.mp4,AND,B_03_072,8,train
P50,6108677243263396-CHARACTER.mp4,CHARACTER,B_02_088,54,train
P50,8045552700277525-BORROW.mp4,BORROW,B_03_055,29,train
P50,156048761492376-PATIENT 2.mp4,PATIENT2,B_01_085,87,train
P50,9740138022869984-CATHOLIC.mp4,CATHOLIC,B_03_052,50,train
P50,25876877817363897-FINE.mp4,FINE1,C_01_043,72,train
P50,2660970218292622-5 DOLLARS.mp4,5DOLLARS,B_01_062,0,train
P50,7710150320331248-HOSPITAL.mp4,HOSPITAL1,B_02_026,76,train
P50,12707382264347866-BLOOD.mp4,BLOOD,C_01_087,28,train
P50,43546579663736273-BRAVE.mp4,BRAVE,B_03_050,35,train
P50,8080759942029043-ACTION.mp4,ACTION,C_01_026,2,train
P50,5021140202543803-FOREIGNER.mp4,FOREIGNER1,C_01_077,73,train
P50,28911738205017423-CANCELLATION.mp4,CANCELLATION,C_02_017,44,train
P50,32967735523691566-ALARM.mp4,ALARM,C_01_085,5,train
P50,06220241899558965-BOWL.mp4,BOWL,C_03_049,31,train
P50,16060256264032136-APPEAR.mp4,APPEAR,C_03_064,11,train
P50,104959056923142-CHANNEL.mp4,CHANNEL,C_03_023,53,train
P50,12459815115793105-DEMAND.mp4,DEMAND1,D_03_080,63,train
P50,05928936780545646-BACK OUT.mp4,BACKOUT,F_01_041,15,train
P50,9947013394836193-BASKET 2.mp4,BASKET1,E_01_060,19,train
P50,24816747116021998-CHAIN.mp4,CHAIN,E_02_055,52,train
P50,040967223583995516-CHASE.mp4,CHASE,F_03_017,55,train
P50,834422647208874-BOXING.mp4,BOXING,F_03_050,32,train
P50,8214132465485497-NOON.mp4,NOON1,G_02_014,85,train
P50,6965626273607881-DEAF.mp4,DEAF1,F_03_038,61,train
P50,5986176956343745-ROCKING CHAIR.mp4,ROCKINGCHAIR1,G_01_010,91,train
P50,03026114093129073-PARTY.mp4,PARTY1,G_02_059,86,train
P50,611169085227955-BACKPACK.mp4,BACKPACK1,G_03_091,16,train
P50,7088712960725594-CAPTURE.mp4,CAPTURE,H_03_048,47,train
P50,7074818392692488-ANYONE.mp4,ANYONE,H_01_059,10,train
P50,4990481595433105-CEMETERY.mp4,CEMETERY,H_01_037,51,train
P50,029845705784401044-ALL OF_SUDDEN.mp4,ALLOFSUDDEN,H_01_096,6,train
P50,7717758625736204-BREAKFAST.mp4,BREAKFAST1,J_01_053,36,train
P50,7159563287022308-ADVERTISE.mp4,ADVERTISE,J_03_015,3,train
P50,1784741198786004-DARK.mp4,DARK1,J_03_094,60,train
P50,010153761237680081-CONFUSED.mp4,CONFUSED1,J_01_110,59,train
P50,8096244632745546-DRAG.mp4,DRAG1,J_02_039,68,train
P50,517392761361964-DEVELOP.mp4,DEVELOP1,J_03_092,64,train
P50,9400876485730674-TAKE OFF.mp4,TAKEOFF1,F_01_020,94,train
P14,00930662603221255-WHAT FOR.mp4,WHATFOR1,C_02_054,99,train
P14,9766156029084343-MICROSCOPE.mp4,MICROSCOPE1,A_03_076,82,train
P14,43108734392133496-BEE.mp4,BEE1,J_02_101,23,train
P14,1515393778318368-ALPHABET.mp4,ALPHABET,B_02_024,7,train
P14,46485000872838267-BROTHER.mp4,BROTHER,B_01_065,38,train
P14,8572063965111083-AFTER.mp4,AFTER,B_02_030,4,train
P14,08255757265728425-BASEMENT.mp4,BASEMENT,C_01_034,18,train
P14,5731083020752685-MOVIE.mp4,MOVIE1,B_03_077,83,train
P14,014269563059511103-CALL TTY.mp4,CALLTTY,B_03_026,42,train
P14,22877680820569246-AND.mp4,AND,B_03_072,8,train
P14,1318480696997235-CHARACTER.mp4,CHARACTER,B_02_088,54,train
P14,7616861860484756-BORROW.mp4,BORROW,B_03_055,29,train
P14,5646773760707133-DECIDE.mp4,DECIDE1,B_02_074,62,train
P14,8410251972703939-DOWNSIZE.mp4,DOWNSIZE1,C_01_055,67,train
P14,5912209471073959-BACKPACK.mp4,BACKPACK1,G_03_091,16,train
P14,7517967729324455-CAPTURE.mp4,CAPTURE,H_03_048,47,train
P14,35130266967671253-ANYONE.mp4,ANYONE,H_01_059,10,train
P14,5266191142838652-CEMETERY.mp4,CEMETERY,H_01_037,51,train
P14,1885772422721146-ALL OF_SUDDEN.mp4,ALLOFSUDDEN,H_01_096,6,train
P14,11620283852289393-BREAKFAST.mp4,BREAKFAST1,J_01_053,36,train
P14,2814442509792048-ADVERTISE.mp4,ADVERTISE,J_03_015,3,train
P50,39433246279112355-THEY.mp4,THEY1,F_02_103,95,train
P50,5251111157766761-EDIT.mp4,EDIT1,G_02_057,70,train
P50,3850547246694813-TWINS.mp4,TWINS1,F_01_032,97,train
P50,702591661446401-CANCER.mp4,CANCER1,F_01_047,45,train
P50,6012215303497841-EAT.mp4,EAT1,B_02_002,69,train
P50,8968665480794054-DOG.mp4,DOG1,A_01_056,66,train
P50,6362923651535677-LOCK.mp4,LOCK1,H_02_017,79,train
P50,5238841845493711-LUNCH.mp4,LUNCH1,G_02_081,80,train
P50,8725784523332507-TYPE.mp4,TYPE1,F_03_059,98,train
P50,6028092526149813-APPLE.mp4,APPLE,A_03_054,12,train
P50,7689090634484697-HURDLE-TRIP.mp4,HURDLE/TRIP1,G_01_036,77,train
P50,24041930069981188-DARK.mp4,DARK1,J_03_094,60,train
P50,3183841529608291-TWINS.mp4,TWINS1,F_01_032,97,train
P50,2971849052838096-CANCER.mp4,CANCER1,F_01_047,45,train
P23,128976696253839-NOON.mp4,NOON1,G_02_014,85,train
P23,07152092969372692-DEAF.mp4,DEAF1,F_03_038,61,train
P23,8026843611798065-ROCKING CHAIR.mp4,ROCKINGCHAIR1,G_01_010,91,train
P23,6749831982842667-HURDLE-TRIP.mp4,HURDLE/TRIP1,G_01_036,77,train
P23,08026755207695424-PARTY.mp4,PARTY1,G_02_059,86,train
P23,09925483539097146-THEY.mp4,THEY1,F_02_103,95,train
P23,6739381247020959-EDIT.mp4,EDIT1,G_02_057,70,train
P23,45524752598785856-CONFUSED.mp4,CONFUSED1,J_01_110,59,train
P23,32897310587309514-DRAG.mp4,DRAG1,J_02_039,68,train
P23,38096647252278104-DEVELOP.mp4,DEVELOP1,J_03_092,64,train
P23,023531314980906437-TAKE OFF.mp4,TAKEOFF1,F_01_020,94,train
P23,28796458154900484-CHRISTMAS.mp4,CHRISTMAS1,F_03_029,57,train
P23,4421617890681646-BITE.mp4,BITE1,K_02_045,27,train
P23,19205497482959255-RECENT.mp4,RECENT1,H_03_090,88,train
P23,8171485751861833-BOTTLE.mp4,BOTTLE,D_02_064,30,train
P23,0421575269358021-CANDY 2.mp4,CANDY2,D_02_079,46,train
P23,0729875302666918-CASTLE 4.mp4,CASTLE4,K_03_110,48,train
P23,7362879567649985-BRAIDS.mp4,BRAIDS,K_03_125,34,train
P23,5640038264747527-BEHAVIOR.mp4,BEHAVIOR,C_02_036,24,train
P23,2284097335099624-CATEGORY.mp4,CATEGORY,E_01_034,49,train
P24,4149842585494192-AUTISM.mp4,AUTISM1,F_03_011,13,train
P24,11676508689979648-BASEBALL CAP.mp4,BASEBALLCAP,G_02_072,17,train
P24,285009674417388-CHEEK.mp4,CHEEK,G_03_052,56,train
P24,5600413354312943-THIRD.mp4,THIRD1,F_02_088,96,train
P10,6760187823605635-CAPTURE.mp4,CAPTURE,H_03_048,47,train
P27,8918143778633667-CAPTURE.mp4,CAPTURE,H_03_048,47,train
P27,6554735488389678-ANYONE.mp4,ANYONE,H_01_059,10,train
P27,2931732443639459-CEMETERY.mp4,CEMETERY,H_01_037,51,train
P10,5166467740266834-ANYONE.mp4,ANYONE,H_01_059,10,train
P27,5695256322659339-ALL OF_SUDDEN.mp4,ALLOFSUDDEN,H_01_096,6,train
P10,42092177013799237-CEMETERY.mp4,CEMETERY,H_01_037,51,train
P10,48083612477703785-ALL OF_SUDDEN.mp4,ALLOFSUDDEN,H_01_096,6,train
P27,673373289755502-BREAKFAST.mp4,BREAKFAST1,J_01_053,36,train
P27,8311535612154104-ADVERTISE.mp4,ADVERTISE,J_03_015,3,train
P10,7190654182684957-BREAKFAST.mp4,BREAKFAST1,J_01_053,36,train
P27,7523445153991293-DARK.mp4,DARK1,J_03_094,60,train
P10,2658923980129797-ADVERTISE.mp4,ADVERTISE,J_03_015,3,train
P10,016767219283195578-DARK.mp4,DARK1,J_03_094,60,train
P27,5781985412875206-THEY.mp4,THEY1,F_02_103,95,train
P27,9946188810865026-EDIT.mp4,EDIT1,G_02_057,70,train
P27,30475635967715675-CONFUSED.mp4,CONFUSED1,J_01_110,59,train
P27,6344719051154015-DRAG.mp4,DRAG1,J_02_039,68,train
P27,9170551359589356-DEVELOP.mp4,DEVELOP1,J_03_092,64,train
P28,05087118114218314-AUTISM.mp4,AUTISM1,F_03_011,13,train
P28,04982493903172336-BASEBALL CAP.mp4,BASEBALLCAP,G_02_072,17,train
P28,2716308980795006-CHEEK.mp4,CHEEK,G_03_052,56,train
P4,17598265136392288-BELIEVE.mp4,BELIEVE1,D_02_049,25,train
P4,4296411629770893-CLOUD.mp4,CLOUD1,D_01_092,58,train
P4,9779859866933089-BASKETBALL.mp4,BASKETBALL1,A_03_045,20,train
P4,09601523848886329-ABOUT.mp4,ABOUT1,B_02_072,1,train
P4,41161724295860713-BOY.mp4,BOY,B_02_090,33,train
P4,878078309208062-GUESS.mp4,GUESS1,D_02_013,74,train
P4,1529448369800237-EAT.mp4,EAT1,B_02_002,69,train
P4,19708892618191043-DOG.mp4,DOG1,A_01_056,66,train
P4,7191875149344338-BEE.mp4,BEE1,J_02_101,23,train
P4,37354525099200186-LOCK.mp4,LOCK1,H_02_017,79,train
P4,4191953190433797-LUNCH.mp4,LUNCH1,G_02_081,80,train
P4,3264895447576619-TYPE.mp4,TYPE1,F_03_059,98,train
P4,46716183443978054-DECIDE.mp4,DECIDE1,B_02_074,62,train
P4,3096030963234271-DOWNSIZE.mp4,DOWNSIZE1,C_01_055,67,train
P4,9765414961236116-APPLE.mp4,APPLE,A_03_054,12,train
P4,20862549367836358-PATIENT 2.mp4,PATIENT2,B_01_085,87,train
P4,38054691889366854-CATHOLIC.mp4,CATHOLIC,B_03_052,50,train
P4,25054375657147543-FINE.mp4,FINE1,C_01_043,72,train
P4,5335875562910788-5 DOLLARS.mp4,5DOLLARS,B_01_062,0,train
P4,5731274651683624-DEMAND.mp4,DEMAND1,D_03_080,63,train
P29,7148406608941162-BACK OUT.mp4,BACKOUT,F_01_041,15,train
P29,7755254475961448-BASKET 2.mp4,BASKET1,E_01_060,19,train
P29,29157948264058775-CHAIN.mp4,CHAIN,E_02_055,52,train
P29,9989522833449562-CHASE.mp4,CHASE,F_03_017,55,train
P29,6472631765069028-BOXING.mp4,BOXING,F_03_050,32,train
P29,02514324335585849-HURDLE-TRIP.mp4,HURDLE/TRIP1,G_01_036,77,train
P29,1920154326917336-PARTY.mp4,PARTY1,G_02_059,86,train
P30,2871810964822772-BACK OUT.mp4,BACKOUT,F_01_041,15,train
P30,439371468936959-BASKET 2.mp4,BASKET1,E_01_060,19,train
P29,5308291392983451-RECENT.mp4,RECENT1,H_03_090,88,train
P30,927705601001652-BOTTLE.mp4,BOTTLE,D_02_064,30,train
P30,8161123468073594-CANDY 2.mp4,CANDY2,D_02_079,46,train
P30,1523739838129543-CASTLE 4.mp4,CASTLE4,K_03_110,48,train
P30,6239498390153135-BRAIDS.mp4,BRAIDS,K_03_125,34,train
P30,980291033624294-BEHAVIOR.mp4,BEHAVIOR,C_02_036,24,train
P30,5841150351328195-CATEGORY.mp4,CATEGORY,E_01_034,49,train
P30,09254900309565106-MICROSCOPE.mp4,MICROSCOPE1,A_03_076,82,train
P30,863965970386688-RIVER.mp4,RIVER1,A_03_035,90,train
P30,079107012798034-LETTUCE.mp4,LETTUCE1,A_01_083,78,train
P29,40967109273976954-RIVER.mp4,RIVER1,A_03_035,90,train
P29,28186237340384435-CALENDAR.mp4,CALENDAR1,A_03_001,41,train
P29,9531505463969152-MECHANIC.mp4,MECHANIC1,A_03_030,81,train
P29,3330476518655734-DECIDE.mp4,DECIDE1,B_02_074,62,train
P29,6962404312481689-DOWNSIZE.mp4,DOWNSIZE1,C_01_055,67,train
P29,250480772445395-APPLE.mp4,APPLE,A_03_054,12,train
P30,7527780038073999-CALENDAR.mp4,CALENDAR1,A_03_001,41,train
P30,6141986774022818-MECHANIC.mp4,MECHANIC1,A_03_030,81,train
P30,07560434947963057-DECIDE.mp4,DECIDE1,B_02_074,62,train
P30,8399095845941553-DOWNSIZE.mp4,DOWNSIZE1,C_01_055,67,train
P30,1242799684009872-APPLE.mp4,APPLE,A_03_054,12,train
P30,8021876243139208-PATIENT 2.mp4,PATIENT2,B_01_085,87,train
P30,22679897701531138-CATHOLIC.mp4,CATHOLIC,B_03_052,50,train
P30,4628635692123535-FINE.mp4,FINE1,C_01_043,72,train
P30,015674395394813967-5 DOLLARS.mp4,5DOLLARS,B_01_062,0,train
P30,2305871847828358-HOSPITAL.mp4,HOSPITAL1,B_02_026,76,train
P30,6086858295901769-BLOOD.mp4,BLOOD,C_01_087,28,train
P30,8600591608571018-BRAVE.mp4,BRAVE,B_03_050,35,train
P30,8778046791266789-ACTION.mp4,ACTION,C_01_026,2,train
P30,4284758945375631-FOREIGNER.mp4,FOREIGNER1,C_01_077,73,train
P30,40949749187587225-CANCELLATION.mp4,CANCELLATION,C_02_017,44,train
P30,33026094180235965-ALARM.mp4,ALARM,C_01_085,5,train
P30,3584778559286541-BOWL.mp4,BOWL,C_03_049,31,train
P30,47553018446532125-APPEAR.mp4,APPEAR,C_03_064,11,train
P30,14353879673908687-CHANNEL.mp4,CHANNEL,C_03_023,53,train
P30,34668296948798183-DEMAND.mp4,DEMAND1,D_03_080,63,train
P30,6782875804554838-CHAIN.mp4,CHAIN,E_02_055,52,train
P30,8325071940436402-CHASE.mp4,CHASE,F_03_017,55,train
P30,7430928818046647-BOXING.mp4,BOXING,F_03_050,32,train
P29,7919984377887563-BACKPACK.mp4,BACKPACK1,G_03_091,16,train
P27,34178569625029054-TWINS.mp4,TWINS1,F_01_032,97,train
P27,7873074450698201-CANCER.mp4,CANCER1,F_01_047,45,train
P27,5236921590375474-CHRISTMAS.mp4,CHRISTMAS1,F_03_029,57,train
P27,826816062024069-CANCEL.mp4,CANCEL1,F_03_083,43,train
P27,8354327609265326-HALLOWEEN.mp4,HALLOWEEN1,G_03_011,75,train
P27,09174889470814085-DINNER.mp4,DINNER1,G_03_044,65,train
P27,053394218351220823-AXE.mp4,AXE1,G_03_066,14,train
P27,0809837582284374-BITE.mp4,BITE1,K_02_045,27,train
P27,08478560862167717-RECENT.mp4,RECENT1,H_03_090,88,train
P31,9975042171428656-THEY.mp4,THEY1,F_02_103,95,train
P31,9346322427426492-EDIT.mp4,EDIT1,G_02_057,70,train
P31,214862897368306-CONFUSED.mp4,CONFUSED1,J_01_110,59,train
P31,7744888594683579-DRAG.mp4,DRAG1,J_02_039,68,train
P31,4546358482997639-DEVELOP.mp4,DEVELOP1,J_03_092,64,train
P31,17877403910241552-BOTTLE.mp4,BOTTLE,D_02_064,30,train
P31,22778190871948412-CANDY 2.mp4,CANDY2,D_02_079,46,train
P31,8714571269426712-CASTLE 4.mp4,CASTLE4,K_03_110,48,train
P31,11102489023806106-BRAIDS.mp4,BRAIDS,K_03_125,34,train
P31,9602683924931978-BEHAVIOR.mp4,BEHAVIOR,C_02_036,24,train
P31,4115610983586131-CATEGORY.mp4,CATEGORY,E_01_034,49,train
P31,4088297928872999-AUTISM.mp4,AUTISM1,F_03_011,13,train
P31,9415281287872299-BASEBALL CAP.mp4,BASEBALLCAP,G_02_072,17,train
P31,6720397794773878-CHEEK.mp4,CHEEK,G_03_052,56,train
P31,9694677034062367-THIRD.mp4,THIRD1,F_02_088,96,train
P31,4816515472899561-BELIEVE.mp4,BELIEVE1,D_02_049,25,train
P31,31632607790093314-CLOUD.mp4,CLOUD1,D_01_092,58,train
P31,6487978531836534-WHAT FOR.mp4,WHATFOR1,C_02_054,99,train
P31,792719481166883-BASKETBALL.mp4,BASKETBALL1,A_03_045,20,train
P31,7093737732035807-MICROSCOPE.mp4,MICROSCOPE1,A_03_076,82,train
P31,0581324289346532-ABOUT.mp4,ABOUT1,B_02_072,1,train
P31,34102998813736063-BOY.mp4,BOY,B_02_090,33,train
P31,8479044265737097-GUESS.mp4,GUESS1,D_02_013,74,train
P31,6460191084812579-EAT.mp4,EAT1,B_02_002,69,train
P31,5971633862957073-DOG.mp4,DOG1,A_01_056,66,train
P31,3952758889037944-BEE.mp4,BEE1,J_02_101,23,train
P31,7892179183511641-LOCK.mp4,LOCK1,H_02_017,79,train
P31,1557335536785498-LUNCH.mp4,LUNCH1,G_02_081,80,train
P31,29789033498889395-TYPE.mp4,TYPE1,F_03_059,98,train
P31,3486807865447197-ELEVATOR.mp4,ELEVATOR1,G_03_036,71,train
P31,6358718990574153-SHAVE.mp4,SHAVE1,J_02_018,92,train
P31,17889984356762856-RESEARCH.mp4,RESEARCH1,B_03_084,89,train
P29,4460836108274411-BROTHER.mp4,BROTHER,B_01_065,38,train
P29,7058274057646567-DEMAND.mp4,DEMAND1,D_03_080,63,train
P29,42295410903451014-DEAF.mp4,DEAF1,F_03_038,61,train
P29,5492001682449854-ROCKING CHAIR.mp4,ROCKINGCHAIR1,G_01_010,91,train
P29,6030593909711668-THEY.mp4,THEY1,F_02_103,95,train
P29,7080955853184407-EDIT.mp4,EDIT1,G_02_057,70,train
P29,5103721620386719-CONFUSED.mp4,CONFUSED1,J_01_110,59,train
P29,2796876129036807-DRAG.mp4,DRAG1,J_02_039,68,train
P29,548518527351239-DEVELOP.mp4,DEVELOP1,J_03_092,64,train
P31,009839461001164063-BACK OUT.mp4,BACKOUT,F_01_041,15,train
P31,5216403614173517-BASKET 2.mp4,BASKET1,E_01_060,19,train
P31,8864181872561068-CHAIN.mp4,CHAIN,E_02_055,52,train
P31,7455107779376617-CHASE.mp4,CHASE,F_03_017,55,train
P31,20112235130736345-BOXING.mp4,BOXING,F_03_050,32,train
P31,40792529048221704-PARTY.mp4,PARTY1,G_02_059,86,train
P31,7649614743886621-BACKPACK.mp4,BACKPACK1,G_03_091,16,train
P31,4918574021083577-TAKE OFF.mp4,TAKEOFF1,F_01_020,94,train
P31,34940301983177835-TWINS.mp4,TWINS1,F_01_032,97,train
P31,34453670490346844-CANCER.mp4,CANCER1,F_01_047,45,train
P31,8524812424490236-CHRISTMAS.mp4,CHRISTMAS1,F_03_029,57,train
P30,4044296872971618-PARTY.mp4,PARTY1,G_02_059,86,train
P30,24001863381813804-BACKPACK.mp4,BACKPACK1,G_03_091,16,train
P31,29952754466245346-CANCEL.mp4,CANCEL1,F_03_083,43,train
P31,08769005104445937-HALLOWEEN.mp4,HALLOWEEN1,G_03_011,75,train
P31,13716593291458-DINNER.mp4,DINNER1,G_03_044,65,train
P31,23259019361539024-AXE.mp4,AXE1,G_03_066,14,train
P31,49570070972691926-BITE.mp4,BITE1,K_02_045,27,train
P31,9534634433737508-RECENT.mp4,RECENT1,H_03_090,88,train
P27,8861774348892111-BOTTLE.mp4,BOTTLE,D_02_064,30,train
P27,7973536758685695-CANDY 2.mp4,CANDY2,D_02_079,46,train
P27,02887014089836204-CASTLE 4.mp4,CASTLE4,K_03_110,48,train
P27,5588831892081658-BRAIDS.mp4,BRAIDS,K_03_125,34,train
P27,8269519383771224-BEHAVIOR.mp4,BEHAVIOR,C_02_036,24,train
P27,9882348647901988-CATEGORY.mp4,CATEGORY,E_01_034,49,train
P27,4356374255465165-AUTISM.mp4,AUTISM1,F_03_011,13,train
P27,8458177789128414-BASEBALL CAP.mp4,BASEBALLCAP,G_02_072,17,train
P27,5478422850690592-CHEEK.mp4,CHEEK,G_03_052,56,train
P30,43409654505218187-BOY.mp4,BOY,B_02_090,33,train
P30,667658448580434-GUESS.mp4,GUESS1,D_02_013,74,train
P30,5739215722518052-EAT.mp4,EAT1,B_02_002,69,train
P30,10681327535287743-DOG.mp4,DOG1,A_01_056,66,train
P30,14438905359266485-BEE.mp4,BEE1,J_02_101,23,train
P30,5930407047327859-LOCK.mp4,LOCK1,H_02_017,79,train
P30,38040807712002134-LUNCH.mp4,LUNCH1,G_02_081,80,train
P30,8346890378933758-TYPE.mp4,TYPE1,F_03_059,98,train
P30,5821250768891155-SPECIAL.mp4,SPECIAL1,J_02_020,93,train
P30,20232878455842096-ELEVATOR.mp4,ELEVATOR1,G_03_036,71,train
P29,9608839995774701-SHAVE.mp4,SHAVE1,J_02_018,92,train
P29,4093901263647892-RESEARCH.mp4,RESEARCH1,B_03_084,89,train
P29,40156789147077165-NIGHT.mp4,NIGHT1,A_01_003,84,train
P29,18862475630316644-BATH.mp4,BATH,B_01_019,21,train
P29,5083164294431413-ANGRY.mp4,ANGRY,B_01_070,9,train
P29,9061501836410788-BRIDGE.mp4,BRIDGE1,A_03_081,37,train
P29,9675705171036824-BUTTERFLY.mp4,BUTTERFLY,A_03_056,39,train
P29,6275191215658549-BECAUSE.mp4,BECAUSE,B_01_049,22,train
P29,6922856844053422-BELT.mp4,BELT1,A_03_036,26,train
P29,08123662474400883-CABINET.mp4,CABINET,B_03_030,40,train
P29,08210563697303486-ALPHABET.mp4,ALPHABET,B_02_024,7,train
P29,4804221082509599-AFTER.mp4,AFTER,B_02_030,4,train
P29,40583657893518343-BASEMENT.mp4,BASEMENT,C_01_034,18,train
P29,23267647474202025-MOVIE.mp4,MOVIE1,B_03_077,83,train
P29,6009786330657241-CALL TTY.mp4,CALLTTY,B_03_026,42,train
P29,6211759212759429-AND.mp4,AND,B_03_072,8,train
P29,17890655067459638-CHARACTER.mp4,CHARACTER,B_02_088,54,train
P29,7172731711007203-BORROW.mp4,BORROW,B_03_055,29,train
P31,23780488148592638-NIGHT.mp4,NIGHT1,A_01_003,84,train
P31,15860493146634513-BATH.mp4,BATH,B_01_019,21,train
P31,4989883733959082-ANGRY.mp4,ANGRY,B_01_070,9,train
P31,797213524452764-BRIDGE.mp4,BRIDGE1,A_03_081,37,train
P31,11757257703160806-BUTTERFLY.mp4,BUTTERFLY,A_03_056,39,train
P31,1749913115066799-BECAUSE.mp4,BECAUSE,B_01_049,22,train
P31,9136010744854282-BELT.mp4,BELT1,A_03_036,26,train
P31,985427081504817-CABINET.mp4,CABINET,B_03_030,40,train
P31,11201620861730666-ALPHABET.mp4,ALPHABET,B_02_024,7,train
P31,22790289140952047-BROTHER.mp4,BROTHER,B_01_065,38,train
P31,373844328471163-AFTER.mp4,AFTER,B_02_030,4,train
P31,11586943364460267-BASEMENT.mp4,BASEMENT,C_01_034,18,train
P31,5584574238167699-MOVIE.mp4,MOVIE1,B_03_077,83,train
P31,08735592479278997-CALL TTY.mp4,CALLTTY,B_03_026,42,train
P31,8117978857369621-AND.mp4,AND,B_03_072,8,train
P31,07994933847535401-CHARACTER.mp4,CHARACTER,B_02_088,54,train
P31,05082026840913678-BORROW.mp4,BORROW,B_03_055,29,train
P31,30041838358250494-PATIENT 2.mp4,PATIENT2,B_01_085,87,train
P31,19203625921803025-CATHOLIC.mp4,CATHOLIC,B_03_052,50,train
P31,7640530642772754-FINE.mp4,FINE1,C_01_043,72,train
P31,9162013181715445-5 DOLLARS.mp4,5DOLLARS,B_01_062,0,train
P31,8842873768781858-HOSPITAL.mp4,HOSPITAL1,B_02_026,76,train
P31,7645850080590522-BLOOD.mp4,BLOOD,C_01_087,28,train
P31,02857561000937059-BRAVE.mp4,BRAVE,B_03_050,35,train
P31,8987110954415516-ACTION.mp4,ACTION,C_01_026,2,train
P31,7089071856116709-FOREIGNER.mp4,FOREIGNER1,C_01_077,73,train
P31,5462861444616876-CANCELLATION.mp4,CANCELLATION,C_02_017,44,train
P31,050082045994648716-ALARM.mp4,ALARM,C_01_085,5,train
P31,7762840910321862-BOWL.mp4,BOWL,C_03_049,31,train
P31,8923422468814945-APPEAR.mp4,APPEAR,C_03_064,11,train
P31,4306538896372494-CHANNEL.mp4,CHANNEL,C_03_023,53,train
P31,9079367190714687-DEMAND.mp4,DEMAND1,D_03_080,63,train
P31,684180745275706-NOON.mp4,NOON1,G_02_014,85,train
P31,055902509113725074-DEAF.mp4,DEAF1,F_03_038,61,train
P31,5042531009269806-ROCKING CHAIR.mp4,ROCKINGCHAIR1,G_01_010,91,train
P31,2687591574468562-HURDLE-TRIP.mp4,HURDLE/TRIP1,G_01_036,77,train
P31,9874048308425818-BREAKFAST.mp4,BREAKFAST1,J_01_053,36,train
P31,8607519054118671-ADVERTISE.mp4,ADVERTISE,J_03_015,3,train
P31,6336638422855925-DARK.mp4,DARK1,J_03_094,60,train
P29,6491857817064066-PATIENT 2.mp4,PATIENT2,B_01_085,87,train
P29,8728204686265046-CATHOLIC.mp4,CATHOLIC,B_03_052,50,train
P29,3947368501065438-FINE.mp4,FINE1,C_01_043,72,train
P29,9310301380544421-5 DOLLARS.mp4,5DOLLARS,B_01_062,0,train
P29,5903218158401913-HOSPITAL.mp4,HOSPITAL1,B_02_026,76,train
P29,6613535009891718-BLOOD.mp4,BLOOD,C_01_087,28,train
P29,16066787782631753-BRAVE.mp4,BRAVE,B_03_050,35,train
P29,8058228086938708-ACTION.mp4,ACTION,C_01_026,2,train
P29,8960229746380899-FOREIGNER.mp4,FOREIGNER1,C_01_077,73,train
P29,015455667660264183-CANCELLATION.mp4,CANCELLATION,C_02_017,44,train
P29,9711509145816317-ALARM.mp4,ALARM,C_01_085,5,train
P29,1757522341446187-BOWL.mp4,BOWL,C_03_049,31,train
P29,2447672346658354-APPEAR.mp4,APPEAR,C_03_064,11,train
P29,47002484616365314-CHANNEL.mp4,CHANNEL,C_03_023,53,train
P29,6612790222940697-BREAKFAST.mp4,BREAKFAST1,J_01_053,36,train
P29,9280997352000961-ADVERTISE.mp4,ADVERTISE,J_03_015,3,train
P29,6802691534480552-DARK.mp4,DARK1,J_03_094,60,train
P27,11657460636087569-BACK OUT.mp4,BACKOUT,F_01_041,15,train
P27,8720752409701227-BASKET 2.mp4,BASKET1,E_01_060,19,train
P27,9820070568670973-CHAIN.mp4,CHAIN,E_02_055,52,train
P27,9802901492681972-CHASE.mp4,CHASE,F_03_017,55,train
P27,4393175289906721-BOXING.mp4,BOXING,F_03_050,32,train
P31,3533518842269767-DECIDE.mp4,DECIDE1,B_02_074,62,train
P27,6108273302157239-TAKE OFF.mp4,TAKEOFF1,F_01_020,94,train
P31,9848140156130132-DOWNSIZE.mp4,DOWNSIZE1,C_01_055,67,train
P31,8470559627358119-APPLE.mp4,APPLE,A_03_054,12,train
P31,010556891349597253-CAPTURE.mp4,CAPTURE,H_03_048,47,train
P31,07338049594993068-ANYONE.mp4,ANYONE,H_01_059,10,train
P31,8962381279142355-CEMETERY.mp4,CEMETERY,H_01_037,51,train
P31,6587356831812052-ALL OF_SUDDEN.mp4,ALLOFSUDDEN,H_01_096,6,train
P31,9749836856043466-RIVER.mp4,RIVER1,A_03_035,90,train
P31,04650216597927059-LETTUCE.mp4,LETTUCE1,A_01_083,78,train
P31,1455249572248405-CALENDAR.mp4,CALENDAR1,A_03_001,41,train
P31,4328181527879751-MECHANIC.mp4,MECHANIC1,A_03_030,81,train
P31,9548559953356495-BACK OUT.mp4,BACKOUT,F_01_041,15,train
P31,019388300515752244-BASKET 2.mp4,BASKET1,E_01_060,19,train
P31,05940518785738269-CHAIN.mp4,CHAIN,E_02_055,52,train
P31,8454406247833339-CHASE.mp4,CHASE,F_03_017,55,train
P31,6966085982977119-BOXING.mp4,BOXING,F_03_050,32,train
P31,11772701844844691-TAKE OFF.mp4,TAKEOFF1,F_01_020,94,train
P31,7161313071345203-TWINS.mp4,TWINS1,F_01_032,97,train
P31,8503119307008431-CANCER.mp4,CANCER1,F_01_047,45,train
P25,4576509112499343-BACK OUT.mp4,BACKOUT,F_01_041,15,train
P25,6792647892240318-BASKET 2.mp4,BASKET1,E_01_060,19,train
P25,37353932557668657-CHAIN.mp4,CHAIN,E_02_055,52,train
P25,6807441880991021-CHASE.mp4,CHASE,F_03_017,55,train
P25,7809450194110517-BOXING.mp4,BOXING,F_03_050,32,train
P33,6417802100169052-CANCEL.mp4,CANCEL1,F_03_083,43,train
P33,4517259473367454-HALLOWEEN.mp4,HALLOWEEN1,G_03_011,75,train
P33,7036076708506829-DINNER.mp4,DINNER1,G_03_044,65,train
P33,7541784772113553-AXE.mp4,AXE1,G_03_066,14,train
P33,9698494742507662-BITE.mp4,BITE1,K_02_045,27,train
P33,0997608881529406-RECENT.mp4,RECENT1,H_03_090,88,train
P33,14077000073750479-BOTTLE.mp4,BOTTLE,D_02_064,30,train
P33,36292937384344226-CANDY 2.mp4,CANDY2,D_02_079,46,train
P33,6506086764673511-CASTLE 4.mp4,CASTLE4,K_03_110,48,train
P33,28851561650796564-BRAIDS.mp4,BRAIDS,K_03_125,34,train
P33,5512728444555719-BEHAVIOR.mp4,BEHAVIOR,C_02_036,24,train
P33,12268528577659632-CATEGORY.mp4,CATEGORY,E_01_034,49,train
P33,5595319622445949-AUTISM.mp4,AUTISM1,F_03_011,13,train
P33,450074122139104-BASEBALL CAP.mp4,BASEBALLCAP,G_02_072,17,train
P33,22004533807088356-CHEEK.mp4,CHEEK,G_03_052,56,train
P33,6295557738339153-THIRD.mp4,THIRD1,F_02_088,96,train
P33,4874922733327143-BELIEVE.mp4,BELIEVE1,D_02_049,25,train
P33,2533680197500956-CLOUD.mp4,CLOUD1,D_01_092,58,train
P33,5018615351143276-WHAT FOR.mp4,WHATFOR1,C_02_054,99,train
P33,060562031925950555-BASKETBALL.mp4,BASKETBALL1,A_03_045,20,train
P33,3588060996907294-MICROSCOPE.mp4,MICROSCOPE1,A_03_076,82,train
P33,26308999181412385-ABOUT.mp4,ABOUT1,B_02_072,1,train
P33,6665711994404717-BOY.mp4,BOY,B_02_090,33,train
P33,40025186959704406-GUESS.mp4,GUESS1,D_02_013,74,train
P33,31477726769914227-EAT.mp4,EAT1,B_02_002,69,train
P33,6099821247676596-DOG.mp4,DOG1,A_01_056,66,train
P33,5581925189578962-BEE.mp4,BEE1,J_02_101,23,train
P33,3896470653349897-LOCK.mp4,LOCK1,H_02_017,79,train
P33,832389696087181-LUNCH.mp4,LUNCH1,G_02_081,80,train
P33,7732445885565964-TYPE.mp4,TYPE1,F_03_059,98,train
P33,2195079202550454-SPECIAL.mp4,SPECIAL1,J_02_020,93,train
P33,6647958314962581-ELEVATOR.mp4,ELEVATOR1,G_03_036,71,train
P33,024686747009617704-SHAVE.mp4,SHAVE1,J_02_018,92,train
P33,6201372726531804-RESEARCH.mp4,RESEARCH1,B_03_084,89,train
P33,9457188046017566-BROTHER.mp4,BROTHER,B_01_065,38,train
P33,938255370696083-DEMAND.mp4,DEMAND1,D_03_080,63,train
P29,055633165115255956-TWINS.mp4,TWINS1,F_01_032,97,train
P29,19498265214395305-CANCER.mp4,CANCER1,F_01_047,45,train
P33,07281610710018893-NOON.mp4,NOON1,G_02_014,85,train
P33,942544967818546-DEAF.mp4,DEAF1,F_03_038,61,train
P33,22613792725288917-ROCKING CHAIR.mp4,ROCKINGCHAIR1,G_01_010,91,train
P33,9188795832270347-HURDLE-TRIP.mp4,HURDLE/TRIP1,G_01_036,77,train
P33,3387567228340116-PARTY.mp4,PARTY1,G_02_059,86,train
P33,44214595315415406-BACKPACK.mp4,BACKPACK1,G_03_091,16,train
P29,977934944886232-CHRISTMAS.mp4,CHRISTMAS1,F_03_029,57,train
P29,39288913784278634-CANCEL.mp4,CANCEL1,F_03_083,43,train
P29,6782581756331876-HALLOWEEN.mp4,HALLOWEEN1,G_03_011,75,train
P29,17411166247412857-DINNER.mp4,DINNER1,G_03_044,65,train
P29,16216064841959765-AXE.mp4,AXE1,G_03_066,14,train
P33,6172830148886315-THEY.mp4,THEY1,F_02_103,95,train
P33,031563022327983026-EDIT.mp4,EDIT1,G_02_057,70,train
P33,514717538248447-CONFUSED.mp4,CONFUSED1,J_01_110,59,train
P33,5609615887476438-DRAG.mp4,DRAG1,J_02_039,68,train
P33,9911319880957512-DEVELOP.mp4,DEVELOP1,J_03_092,64,train
P33,5240684251499979-NIGHT.mp4,NIGHT1,A_01_003,84,train
P33,0011363433983022642-BATH.mp4,BATH,B_01_019,21,train
P33,8760933146179861-ANGRY.mp4,ANGRY,B_01_070,9,train
P33,21590583049669831-BRIDGE.mp4,BRIDGE1,A_03_081,37,train
P33,34076634349069934-BUTTERFLY.mp4,BUTTERFLY,A_03_056,39,train
P33,4781099375717477-BECAUSE.mp4,BECAUSE,B_01_049,22,train
P33,556637926515527-BELT.mp4,BELT1,A_03_036,26,train
P33,9702777360057011-CABINET.mp4,CABINET,B_03_030,40,train
P33,38112728064407264-ALPHABET.mp4,ALPHABET,B_02_024,7,train
P33,12026210743939236-AFTER.mp4,AFTER,B_02_030,4,train
P33,3433650270102031-BASEMENT.mp4,BASEMENT,C_01_034,18,train
P33,5207859422105063-MOVIE.mp4,MOVIE1,B_03_077,83,train
P33,7963159674550444-CALL TTY.mp4,CALLTTY,B_03_026,42,train
P33,684437252563328-AND.mp4,AND,B_03_072,8,train
P33,6618584803756333-CHARACTER.mp4,CHARACTER,B_02_088,54,train
P33,39603155891473985-BORROW.mp4,BORROW,B_03_055,29,train
P33,34798344318352936-DECIDE.mp4,DECIDE1,B_02_074,62,train
P33,010212755220595948-DOWNSIZE.mp4,DOWNSIZE1,C_01_055,67,train
P33,5182719290588473-APPLE.mp4,APPLE,A_03_054,12,train
P33,6908477668258302-PATIENT 2.mp4,PATIENT2,B_01_085,87,train
P33,9013684954747401-CATHOLIC.mp4,CATHOLIC,B_03_052,50,train
P33,07214322840682375-FINE.mp4,FINE1,C_01_043,72,train
P33,9474631795822526-5 DOLLARS.mp4,5DOLLARS,B_01_062,0,train
P33,3284942530084891-HOSPITAL.mp4,HOSPITAL1,B_02_026,76,train
P33,19263216946066208-BLOOD.mp4,BLOOD,C_01_087,28,train
P33,16960009943114995-BRAVE.mp4,BRAVE,B_03_050,35,train
P33,32264469848607513-ACTION.mp4,ACTION,C_01_026,2,train
P33,2954944357497291-FOREIGNER.mp4,FOREIGNER1,C_01_077,73,train
P33,3810695012131762-CANCELLATION.mp4,CANCELLATION,C_02_017,44,train
P33,8761975183316681-ALARM.mp4,ALARM,C_01_085,5,train
P33,5546257956212577-BOWL.mp4,BOWL,C_03_049,31,train
P33,1237619625195776-APPEAR.mp4,APPEAR,C_03_064,11,train
P33,5923983871852649-CHANNEL.mp4,CHANNEL,C_03_023,53,train
P33,08116096371059345-CAPTURE.mp4,CAPTURE,H_03_048,47,train
P33,20558505237590596-ANYONE.mp4,ANYONE,H_01_059,10,train
P33,28455498635473075-CEMETERY.mp4,CEMETERY,H_01_037,51,train
P33,3435280046043021-ALL OF_SUDDEN.mp4,ALLOFSUDDEN,H_01_096,6,train
P33,8834432953494791-BREAKFAST.mp4,BREAKFAST1,J_01_053,36,train
P33,40892953739759563-ADVERTISE.mp4,ADVERTISE,J_03_015,3,train
P33,35989551869392655-DARK.mp4,DARK1,J_03_094,60,train
P29,2296487888208607-BITE.mp4,BITE1,K_02_045,27,train
P33,7218254722065651-TAKE OFF.mp4,TAKEOFF1,F_01_020,94,train
P33,7300879307064365-TWINS.mp4,TWINS1,F_01_032,97,train
P33,22660635109972072-CANCER.mp4,CANCER1,F_01_047,45,train
P29,876812533721262-BOTTLE.mp4,BOTTLE,D_02_064,30,train
P29,19543181290734046-CANDY 2.mp4,CANDY2,D_02_079,46,train
P29,07087217141600366-CASTLE 4.mp4,CASTLE4,K_03_110,48,train
P29,4152716231447413-BRAIDS.mp4,BRAIDS,K_03_125,34,train
P29,09281069987640578-BEHAVIOR.mp4,BEHAVIOR,C_02_036,24,train
P29,15999752475382145-CATEGORY.mp4,CATEGORY,E_01_034,49,train
P29,8868844918434664-AUTISM.mp4,AUTISM1,F_03_011,13,train
P29,36821187884154183-BASEBALL CAP.mp4,BASEBALLCAP,G_02_072,17,train
P29,02227757864285973-CHEEK.mp4,CHEEK,G_03_052,56,train
P29,4615702025129498-THIRD.mp4,THIRD1,F_02_088,96,train
P33,7384969907159962-CHRISTMAS.mp4,CHRISTMAS1,F_03_029,57,train
P33,5360642687333399-RIVER.mp4,RIVER1,A_03_035,90,train
P33,12849859756542514-LETTUCE.mp4,LETTUCE1,A_01_083,78,train
P29,7468673870660452-EAT.mp4,EAT1,B_02_002,69,train
P29,5465905150307049-DOG.mp4,DOG1,A_01_056,66,train
P29,5651369382000921-BEE.mp4,BEE1,J_02_101,23,train
P29,23536769368182653-LOCK.mp4,LOCK1,H_02_017,79,train
P29,5051296147102053-LUNCH.mp4,LUNCH1,G_02_081,80,train
P29,39091907504770784-TYPE.mp4,TYPE1,F_03_059,98,train
P29,7412486914283976-SPECIAL.mp4,SPECIAL1,J_02_020,93,train
P29,7916841797328078-ELEVATOR.mp4,ELEVATOR1,G_03_036,71,train
P33,7495472917486394-CALENDAR.mp4,CALENDAR1,A_03_001,41,train
P33,9967291464794519-MECHANIC.mp4,MECHANIC1,A_03_030,81,train
P33,0748332174505717-BACK OUT.mp4,BACKOUT,F_01_041,15,train
P33,6469155116453627-BASKET 2.mp4,BASKET1,E_01_060,19,train
P33,07082037767403437-CHAIN.mp4,CHAIN,E_02_055,52,train
P33,5014869744438308-CHASE.mp4,CHASE,F_03_017,55,train
P33,7542703780996742-BOXING.mp4,BOXING,F_03_050,32,train
P33,2396504546103233-BROTHER.mp4,BROTHER,B_01_065,38,train
P33,6246993839706849-HURDLE-TRIP.mp4,HURDLE/TRIP1,G_01_036,77,train
P33,7849117535047831-BACKPACK.mp4,BACKPACK1,G_03_091,16,train
P33,9450633955249712-THEY.mp4,THEY1,F_02_103,95,train
P33,1740977246650104-EDIT.mp4,EDIT1,G_02_057,70,train
P33,5464563628509236-CONFUSED.mp4,CONFUSED1,J_01_110,59,train
P33,4296471117201033-DRAG.mp4,DRAG1,J_02_039,68,train
P33,11078048444657118-DEVELOP.mp4,DEVELOP1,J_03_092,64,train
P11,4386481428406168-CANCEL.mp4,CANCEL1,F_03_083,43,train
P11,5951704010742203-HALLOWEEN.mp4,HALLOWEEN1,G_03_011,75,train
P11,6427207676615119-DINNER.mp4,DINNER1,G_03_044,65,train
P11,300092594904662-AXE.mp4,AXE1,G_03_066,14,train
P11,4417785007556263-BITE.mp4,BITE1,K_02_045,27,train
P11,585385587824101-RECENT.mp4,RECENT1,H_03_090,88,train
P11,13083871053953522-BOTTLE.mp4,BOTTLE,D_02_064,30,train
P11,2987380177072183-CANDY 2.mp4,CANDY2,D_02_079,46,train
P11,28701680393292306-CASTLE 4.mp4,CASTLE4,K_03_110,48,train
P11,06793658920291823-BRAIDS.mp4,BRAIDS,K_03_125,34,train
P11,14532328874612488-BEHAVIOR.mp4,BEHAVIOR,C_02_036,24,train
P11,23986067849954007-CATEGORY.mp4,CATEGORY,E_01_034,49,train
P11,13663136033374101-AUTISM.mp4,AUTISM1,F_03_011,13,train
P11,3212518829942259-BASEBALL CAP.mp4,BASEBALLCAP,G_02_072,17,train
P11,9518553874469935-CHEEK.mp4,CHEEK,G_03_052,56,train
P11,9973277236979394-THIRD.mp4,THIRD1,F_02_088,96,train
P29,18471345831869668-BELIEVE.mp4,BELIEVE1,D_02_049,25,train
P29,690133837226921-WHAT FOR.mp4,WHATFOR1,C_02_054,99,train
P29,08361669746584477-BASKETBALL.mp4,BASKETBALL1,A_03_045,20,train
P29,682980841173684-MICROSCOPE.mp4,MICROSCOPE1,A_03_076,82,train
P29,4886925751279627-ABOUT.mp4,ABOUT1,B_02_072,1,train
P29,23588144021742652-BOY.mp4,BOY,B_02_090,33,train
P29,2586710992257413-GUESS.mp4,GUESS1,D_02_013,74,train
P29,4013774370902221-CAPTURE.mp4,CAPTURE,H_03_048,47,train
P29,2381729192110531-ANYONE.mp4,ANYONE,H_01_059,10,train
P29,5633926722664371-CEMETERY.mp4,CEMETERY,H_01_037,51,train
P29,22000404859924472-ALL OF_SUDDEN.mp4,ALLOFSUDDEN,H_01_096,6,train
P51,6929812893782228-CANCEL.mp4,CANCEL1,F_03_083,43,train
P51,08247339467220449-HALLOWEEN.mp4,HALLOWEEN1,G_03_011,75,train
P51,158900441545911-DINNER.mp4,DINNER1,G_03_044,65,train
P51,7416932196831258-AXE.mp4,AXE1,G_03_066,14,train
P29,8267242257825924-EAT.mp4,EAT1,B_02_002,69,train
P29,5658200184939948-DOG.mp4,DOG1,A_01_056,66,train
P11,7814899363447034-LUNCH.mp4,LUNCH1,G_02_081,80,train
P11,009537631187231721-ELEVATOR.mp4,ELEVATOR1,G_03_036,71,train
P11,8142911299463536-SHAVE.mp4,SHAVE1,J_02_018,92,train
P11,8315203498774075-RESEARCH.mp4,RESEARCH1,B_03_084,89,train
P11,3008181888945094-NIGHT.mp4,NIGHT1,A_01_003,84,train
P11,9152504941850548-BATH.mp4,BATH,B_01_019,21,train
P11,9181226657270911-ANGRY.mp4,ANGRY,B_01_070,9,train
P11,16792611319123907-BRIDGE.mp4,BRIDGE1,A_03_081,37,train
P11,9431187517511217-BUTTERFLY.mp4,BUTTERFLY,A_03_056,39,train
P11,8642660378572646-BECAUSE.mp4,BECAUSE,B_01_049,22,train
P11,5159109497315042-BELT.mp4,BELT1,A_03_036,26,train
P11,7226685574037961-CABINET.mp4,CABINET,B_03_030,40,train
P11,23489942618798265-ALPHABET.mp4,ALPHABET,B_02_024,7,train
P11,6500641946617272-BROTHER.mp4,BROTHER,B_01_065,38,train
P11,3183981707552783-AFTER.mp4,AFTER,B_02_030,4,train
P11,253697201644294-BASEMENT.mp4,BASEMENT,C_01_034,18,train
P11,6334594569512548-MOVIE.mp4,MOVIE1,B_03_077,83,train
P11,8346623372880655-CALL TTY.mp4,CALLTTY,B_03_026,42,train
P11,8083384619681451-AND.mp4,AND,B_03_072,8,train
P11,38965896185501814-CHARACTER.mp4,CHARACTER,B_02_088,54,train
P11,3361235862176999-BORROW.mp4,BORROW,B_03_055,29,train
P11,5524708057209897-DECIDE.mp4,DECIDE1,B_02_074,62,train
P11,0485806394762911-DOWNSIZE.mp4,DOWNSIZE1,C_01_055,67,train
P11,7798157575833962-APPLE.mp4,APPLE,A_03_054,12,train
P11,3108578299019191-PATIENT 2.mp4,PATIENT2,B_01_085,87,train
P11,2913441225163418-CATHOLIC.mp4,CATHOLIC,B_03_052,50,train
P11,5494204143000812-FINE.mp4,FINE1,C_01_043,72,train
P11,8071670622765252-5 DOLLARS.mp4,5DOLLARS,B_01_062,0,train
P11,2816314098780288-HOSPITAL.mp4,HOSPITAL1,B_02_026,76,train
P11,18891428051470993-BLOOD.mp4,BLOOD,C_01_087,28,train
P11,999540053243406-BRAVE.mp4,BRAVE,B_03_050,35,train
P11,45554485944092504-ACTION.mp4,ACTION,C_01_026,2,train
P11,43079432751688973-FOREIGNER.mp4,FOREIGNER1,C_01_077,73,train
P11,3951869445515712-CANCELLATION.mp4,CANCELLATION,C_02_017,44,train
P11,09330664599587468-ALARM.mp4,ALARM,C_01_085,5,train
P11,17319514604773434-BOWL.mp4,BOWL,C_03_049,31,train
P11,023353696178491035-APPEAR.mp4,APPEAR,C_03_064,11,train
P11,015199050756152577-CHANNEL.mp4,CHANNEL,C_03_023,53,train
P11,24592306415515508-DEMAND.mp4,DEMAND1,D_03_080,63,train
P11,6364442970904793-NOON.mp4,NOON1,G_02_014,85,train
P11,93340344109002-DEAF.mp4,DEAF1,F_03_038,61,train
P11,932328312254997-ROCKING CHAIR.mp4,ROCKINGCHAIR1,G_01_010,91,train
P11,6301823315233508-HURDLE-TRIP.mp4,HURDLE/TRIP1,G_01_036,77,train
P11,26521170494987056-PARTY.mp4,PARTY1,G_02_059,86,train
P11,30121385480613116-BACKPACK.mp4,BACKPACK1,G_03_091,16,train
P11,9079761640862873-BREAKFAST.mp4,BREAKFAST1,J_01_053,36,train
P11,646728958001183-ADVERTISE.mp4,ADVERTISE,J_03_015,3,train
P11,9390642066840311-DARK.mp4,DARK1,J_03_094,60,train
P11,5247185728423776-THEY.mp4,THEY1,F_02_103,95,train
P11,230493893370197-EDIT.mp4,EDIT1,G_02_057,70,train
P11,8776661839284068-CONFUSED.mp4,CONFUSED1,J_01_110,59,train
P11,10403800032177957-DRAG.mp4,DRAG1,J_02_039,68,train
P11,7145484532728104-DEVELOP.mp4,DEVELOP1,J_03_092,64,train
P11,4611032306786558-TWINS.mp4,TWINS1,F_01_032,97,train
P11,2684276398558201-CANCER.mp4,CANCER1,F_01_047,45,train
P11,17115461223895578-CHRISTMAS.mp4,CHRISTMAS1,F_03_029,57,train
P11,5268536773890005-BELIEVE.mp4,BELIEVE1,D_02_049,25,train
P11,5030860657990843-CLOUD.mp4,CLOUD1,D_01_092,58,train
P11,9697621013006055-WHAT FOR.mp4,WHATFOR1,C_02_054,99,train
P11,06003899001497115-BASKETBALL.mp4,BASKETBALL1,A_03_045,20,train
P11,9931923430169016-MICROSCOPE.mp4,MICROSCOPE1,A_03_076,82,train
P11,718305545661964-ABOUT.mp4,ABOUT1,B_02_072,1,train
P11,8680216857400416-BOY.mp4,BOY,B_02_090,33,train
P11,08916071440129603-GUESS.mp4,GUESS1,D_02_013,74,train
P11,7327271470470507-EAT.mp4,EAT1,B_02_002,69,train
P11,9941614592907033-DOG.mp4,DOG1,A_01_056,66,train
P11,21912688008400893-BEE.mp4,BEE1,J_02_101,23,train
P11,8314690273377165-LOCK.mp4,LOCK1,H_02_017,79,train
P11,8251211432581815-TYPE.mp4,TYPE1,F_03_059,98,train
P11,4291479151538833-SPECIAL.mp4,SPECIAL1,J_02_020,93,train
P11,8561671103002648-RIVER.mp4,RIVER1,A_03_035,90,train
P11,6308815447370864-LETTUCE.mp4,LETTUCE1,A_01_083,78,train
P11,48843579399962134-CALENDAR.mp4,CALENDAR1,A_03_001,41,train
P11,6328025695667769-MECHANIC.mp4,MECHANIC1,A_03_030,81,train
P11,46325342525072655-BACK OUT.mp4,BACKOUT,F_01_041,15,train
P11,2439505261173014-BASKET 2.mp4,BASKET1,E_01_060,19,train
P11,9605502984069139-CHAIN.mp4,CHAIN,E_02_055,52,train
P11,0132641007011296-CHASE.mp4,CHASE,F_03_017,55,train
P11,37780811677702975-BOXING.mp4,BOXING,F_03_050,32,train
P11,2820819348517285-CAPTURE.mp4,CAPTURE,H_03_048,47,train
P11,16545894863628696-ANYONE.mp4,ANYONE,H_01_059,10,train
P11,6633812621771165-CEMETERY.mp4,CEMETERY,H_01_037,51,train
P11,3600619011149542-ALL OF_SUDDEN.mp4,ALLOFSUDDEN,H_01_096,6,train
P11,2715544500645226-TAKE OFF.mp4,TAKEOFF1,F_01_020,94,train
P11,5474425797367763-LUNCH.mp4,LUNCH1,G_02_081,80,train
P11,8433127299775875-ELEVATOR.mp4,ELEVATOR1,G_03_036,71,train
P11,06233162587166352-BITE.mp4,BITE1,K_02_045,27,train
P11,31069390622290594-RECENT.mp4,RECENT1,H_03_090,88,train
P11,7602889557153345-BOTTLE.mp4,BOTTLE,D_02_064,30,train
P11,5794264707227115-CANDY 2.mp4,CANDY2,D_02_079,46,train
P11,7551574551469287-CASTLE 4.mp4,CASTLE4,K_03_110,48,train
P11,8096624241935726-BRAIDS.mp4,BRAIDS,K_03_125,34,train
P11,9951505122741806-BEHAVIOR.mp4,BEHAVIOR,C_02_036,24,train
P11,8956145516727172-CATEGORY.mp4,CATEGORY,E_01_034,49,train
P11,4060122951922174-AUTISM.mp4,AUTISM1,F_03_011,13,train
P30,7521410930309249-BITE.mp4,BITE1,K_02_045,27,train
P30,38398644014722616-RECENT.mp4,RECENT1,H_03_090,88,train
P51,2703201537118083-BATH.mp4,BATH,B_01_019,21,train
P51,759118073893563-ANGRY.mp4,ANGRY,B_01_070,9,train
P51,901812916640818-BRIDGE.mp4,BRIDGE1,A_03_081,37,train
P51,2807170160520871-BUTTERFLY.mp4,BUTTERFLY,A_03_056,39,train
P51,5693599940804028-BECAUSE.mp4,BECAUSE,B_01_049,22,train
P51,8980779876724378-BELT.mp4,BELT1,A_03_036,26,train
P51,5533743987999604-CABINET.mp4,CABINET,B_03_030,40,train
P51,023156890540219077-ALPHABET.mp4,ALPHABET,B_02_024,7,train
P51,6960348427524927-BROTHER.mp4,BROTHER,B_01_065,38,train
P51,7225775683164837-AFTER.mp4,AFTER,B_02_030,4,train
P51,9835848926579023-BASEMENT.mp4,BASEMENT,C_01_034,18,train
P51,3330052248503623-MOVIE.mp4,MOVIE1,B_03_077,83,train
P51,7394336705482314-CALL TTY.mp4,CALLTTY,B_03_026,42,train
P51,7267728609354669-AND.mp4,AND,B_03_072,8,train
P51,91138551991204-CHARACTER.mp4,CHARACTER,B_02_088,54,train
P51,6532454777908556-BORROW.mp4,BORROW,B_03_055,29,train
P51,6217211466514729-DECIDE.mp4,DECIDE1,B_02_074,62,train
P51,51414232831796-DOWNSIZE.mp4,DOWNSIZE1,C_01_055,67,train
P51,39628385869626626-APPLE.mp4,APPLE,A_03_054,12,train
P51,44313855852792283-DEMAND.mp4,DEMAND1,D_03_080,63,train
P51,05787603852435841-NOON.mp4,NOON1,G_02_014,85,train
P51,1672648144513147-DEAF.mp4,DEAF1,F_03_038,61,train
P51,9596563070505133-ROCKING CHAIR.mp4,ROCKINGCHAIR1,G_01_010,91,train
P51,30738464825230305-HURDLE-TRIP.mp4,HURDLE/TRIP1,G_01_036,77,train
P51,8911332562413585-PARTY.mp4,PARTY1,G_02_059,86,train
P30,11796142734861181-SHAVE.mp4,SHAVE1,J_02_018,92,train
P30,9475390628598457-RESEARCH.mp4,RESEARCH1,B_03_084,89,train
P51,7966143468182603-BACKPACK.mp4,BACKPACK1,G_03_091,16,train
P51,7269090914334628-CHRISTMAS.mp4,CHRISTMAS1,F_03_029,57,train
P51,38654771991456394-BASEBALL CAP.mp4,BASEBALLCAP,G_02_072,17,train
P51,39515547046780575-CHEEK.mp4,CHEEK,G_03_052,56,train
P27,7717990545744957-THIRD.mp4,THIRD1,F_02_088,96,train
P27,2753688830687173-BELIEVE.mp4,BELIEVE1,D_02_049,25,train
P27,8195712143752572-CLOUD.mp4,CLOUD1,D_01_092,58,train
P27,82063651021682-WHAT FOR.mp4,WHATFOR1,C_02_054,99,train
P27,3597275294574689-BASKETBALL.mp4,BASKETBALL1,A_03_045,20,train
P27,5747489659764422-MICROSCOPE.mp4,MICROSCOPE1,A_03_076,82,train
P27,3088940088357601-ABOUT.mp4,ABOUT1,B_02_072,1,train
P27,775115376734139-BOY.mp4,BOY,B_02_090,33,train
P27,6904133946540112-GUESS.mp4,GUESS1,D_02_013,74,train
P28,4078942277101558-CANCEL.mp4,CANCEL1,F_03_083,43,train
P28,11830659217532946-HALLOWEEN.mp4,HALLOWEEN1,G_03_011,75,train
P28,1911813370069868-DINNER.mp4,DINNER1,G_03_044,65,train
P28,7179300005186042-AXE.mp4,AXE1,G_03_066,14,train
P28,9799712877573663-THIRD.mp4,THIRD1,F_02_088,96,train
P28,8570864956852386-BELIEVE.mp4,BELIEVE1,D_02_049,25,train
P28,6630602028954171-CLOUD.mp4,CLOUD1,D_01_092,58,train
P28,7237982608932096-WHAT FOR.mp4,WHATFOR1,C_02_054,99,train
P27,9381469732905676-SPECIAL.mp4,SPECIAL1,J_02_020,93,train
P27,09389404362002685-SHAVE.mp4,SHAVE1,J_02_018,92,train
P27,5833704782769222-RESEARCH.mp4,RESEARCH1,B_03_084,89,train
P27,8416382602074572-NIGHT.mp4,NIGHT1,A_01_003,84,train
P27,2133215440279248-RIVER.mp4,RIVER1,A_03_035,90,train
P27,4583589485803583-LETTUCE.mp4,LETTUCE1,A_01_083,78,train
P51,2104592581752449-PATIENT 2.mp4,PATIENT2,B_01_085,87,train
P51,4857038032398797-CATHOLIC.mp4,CATHOLIC,B_03_052,50,train
P51,9399917763577323-FINE.mp4,FINE1,C_01_043,72,train
P51,707159634650049-5 DOLLARS.mp4,5DOLLARS,B_01_062,0,train
P51,2657292811841865-HOSPITAL.mp4,HOSPITAL1,B_02_026,76,train
P51,8285126867380235-BLOOD.mp4,BLOOD,C_01_087,28,train
P51,6712966549756301-BRAVE.mp4,BRAVE,B_03_050,35,train
P51,2118099297521392-ACTION.mp4,ACTION,C_01_026,2,train
P51,1974405263263037-FOREIGNER.mp4,FOREIGNER1,C_01_077,73,train
P51,18345395413079713-CANCELLATION.mp4,CANCELLATION,C_02_017,44,train
P51,7826436922750357-ALARM.mp4,ALARM,C_01_085,5,train
P51,7815193137954928-BOWL.mp4,BOWL,C_03_049,31,train
P51,4420474956057432-APPEAR.mp4,APPEAR,C_03_064,11,train
P51,6101808214199285-CHANNEL.mp4,CHANNEL,C_03_023,53,train
P51,7351415588891392-BACK OUT.mp4,BACKOUT,F_01_041,15,train
P51,19270631075053757-BASKET 2.mp4,BASKET1,E_01_060,19,train
P51,04910004719132788-CHAIN.mp4,CHAIN,E_02_055,52,train
P51,3887167502661488-CHASE.mp4,CHASE,F_03_017,55,train
P51,6551646243705262-BOXING.mp4,BOXING,F_03_050,32,train
P51,48844476801374737-CAPTURE.mp4,CAPTURE,H_03_048,47,train
P51,5273181545235401-ANYONE.mp4,ANYONE,H_01_059,10,train
P51,13449233117433335-CEMETERY.mp4,CEMETERY,H_01_037,51,train
P51,23346683541380386-ALL OF_SUDDEN.mp4,ALLOFSUDDEN,H_01_096,6,train
P51,48007352992952-BREAKFAST.mp4,BREAKFAST1,J_01_053,36,train
P51,3034907075885813-ADVERTISE.mp4,ADVERTISE,J_03_015,3,train
P51,9206605871417683-DARK.mp4,DARK1,J_03_094,60,train
P30,7179596799301591-BATH.mp4,BATH,B_01_019,21,train
P30,1490020062593329-ANGRY.mp4,ANGRY,B_01_070,9,train
P30,29359714367890133-BRIDGE.mp4,BRIDGE1,A_03_081,37,train
P30,1500996286242715-BUTTERFLY.mp4,BUTTERFLY,A_03_056,39,train
P30,11537897761751492-BECAUSE.mp4,BECAUSE,B_01_049,22,train
P30,6179305716203018-BELT.mp4,BELT1,A_03_036,26,train
P30,874027486801694-CABINET.mp4,CABINET,B_03_030,40,train
P30,05185875875539492-ALPHABET.mp4,ALPHABET,B_02_024,7,train
P30,010035178979511006-BROTHER.mp4,BROTHER,B_01_065,38,train
P30,37214725621113587-AFTER.mp4,AFTER,B_02_030,4,train
P30,6697251309217858-BASEMENT.mp4,BASEMENT,C_01_034,18,train
P30,9362120268808787-MOVIE.mp4,MOVIE1,B_03_077,83,train
P30,33714275634717294-CALL TTY.mp4,CALLTTY,B_03_026,42,train
P30,3732678629647439-AND.mp4,AND,B_03_072,8,train
P30,7478553454567485-CHARACTER.mp4,CHARACTER,B_02_088,54,train
P30,20151489343935292-BORROW.mp4,BORROW,B_03_055,29,train
P27,9451130688097962-DECIDE.mp4,DECIDE1,B_02_074,62,train
P27,7119570924770873-DOWNSIZE.mp4,DOWNSIZE1,C_01_055,67,train
P27,3876948819633417-APPLE.mp4,APPLE,A_03_054,12,train
P27,30148795754394175-EAT.mp4,EAT1,B_02_002,69,train
P27,635034042192421-DOG.mp4,DOG1,A_01_056,66,train
P27,6300556831725792-BEE.mp4,BEE1,J_02_101,23,train
P27,27242133584482087-LOCK.mp4,LOCK1,H_02_017,79,train
P27,4694138010220219-LUNCH.mp4,LUNCH1,G_02_081,80,train
P27,7910272171422927-TYPE.mp4,TYPE1,F_03_059,98,train
P27,2892011341547349-ELEVATOR.mp4,ELEVATOR1,G_03_036,71,train
P27,8697147020597913-CALENDAR.mp4,CALENDAR1,A_03_001,41,train
P27,17852423092027392-MECHANIC.mp4,MECHANIC1,A_03_030,81,train
P27,9615504393064633-PATIENT 2.mp4,PATIENT2,B_01_085,87,train
P27,5031758450966877-CATHOLIC.mp4,CATHOLIC,B_03_052,50,train
P27,19866027442823042-FINE.mp4,FINE1,C_01_043,72,train
P27,29704943869452016-5 DOLLARS.mp4,5DOLLARS,B_01_062,0,train
P27,2015416430284751-DEMAND.mp4,DEMAND1,D_03_080,63,train
P27,8446069591097811-NOON.mp4,NOON1,G_02_014,85,train
P27,33243997680017356-DEAF.mp4,DEAF1,F_03_038,61,train
P27,8135393498777186-ROCKING CHAIR.mp4,ROCKINGCHAIR1,G_01_010,91,train
P27,7032362464915427-HURDLE-TRIP.mp4,HURDLE/TRIP1,G_01_036,77,train
P27,11071918787667867-PARTY.mp4,PARTY1,G_02_059,86,train
P27,707412418182485-BUTTERFLY.mp4,BUTTERFLY,A_03_056,39,train
P27,05003958557953614-BECAUSE.mp4,BECAUSE,B_01_049,22,train
P27,4180449729122828-BELT.mp4,BELT1,A_03_036,26,train
P27,49535344884150745-CABINET.mp4,CABINET,B_03_030,40,train
P27,04571261864380327-ALPHABET.mp4,ALPHABET,B_02_024,7,train
P27,22666524686508982-BROTHER.mp4,BROTHER,B_01_065,38,train
P27,9592668199669783-AFTER.mp4,AFTER,B_02_030,4,train
P27,8360431396055013-BASEMENT.mp4,BASEMENT,C_01_034,18,train
P27,617623803436806-MOVIE.mp4,MOVIE1,B_03_077,83,train
P27,568818048922445-CALL TTY.mp4,CALLTTY,B_03_026,42,train
P27,3217067801194846-AND.mp4,AND,B_03_072,8,train
P27,3385738933984237-CHARACTER.mp4,CHARACTER,B_02_088,54,train
P27,1937330793823202-BORROW.mp4,BORROW,B_03_055,29,train
P27,9543121609158431-HOSPITAL.mp4,HOSPITAL1,B_02_026,76,train
P27,24961648235193645-BLOOD.mp4,BLOOD,C_01_087,28,train
P27,1338187909050612-BRAVE.mp4,BRAVE,B_03_050,35,train
P27,7765337046535339-ACTION.mp4,ACTION,C_01_026,2,train
P27,8014187995376758-FOREIGNER.mp4,FOREIGNER1,C_01_077,73,train
P27,31164551460592693-CANCELLATION.mp4,CANCELLATION,C_02_017,44,train
P27,3344597950031951-ALARM.mp4,ALARM,C_01_085,5,train
P27,09898660662683256-BOWL.mp4,BOWL,C_03_049,31,train
P27,70471537182486-APPEAR.mp4,APPEAR,C_03_064,11,train
P27,7850787819970795-CHANNEL.mp4,CHANNEL,C_03_023,53,train
P27,6379790381305486-BACKPACK.mp4,BACKPACK1,G_03_091,16,train
P27,9626438253329148-BATH.mp4,BATH,B_01_019,21,train
P27,031021396234431675-ANGRY.mp4,ANGRY,B_01_070,9,train
P27,8727636270109069-BRIDGE.mp4,BRIDGE1,A_03_081,37,train
P27,4163876725261626-THEY.mp4,THEY1,F_02_103,95,train
P27,4325664123520947-EDIT.mp4,EDIT1,G_02_057,70,train
P27,3615067338259188-CONFUSED.mp4,CONFUSED1,J_01_110,59,train
P27,24341360880348817-DRAG.mp4,DRAG1,J_02_039,68,train
P30,33556542829595526-AUTISM.mp4,AUTISM1,F_03_011,13,train
P30,004809945592816334-BASEBALL CAP.mp4,BASEBALLCAP,G_02_072,17,train
P30,638481381639977-CHEEK.mp4,CHEEK,G_03_052,56,train
P30,007927439827676519-BELIEVE.mp4,BELIEVE1,D_02_049,25,train
P30,48976810958831285-CLOUD.mp4,CLOUD1,D_01_092,58,train
P30,6812813050541653-WHAT FOR.mp4,WHATFOR1,C_02_054,99,train
P30,6355598616436169-BASKETBALL.mp4,BASKETBALL1,A_03_045,20,train
P30,834811198203439-ABOUT.mp4,ABOUT1,B_02_072,1,train
P30,36127965984007426-NIGHT.mp4,NIGHT1,A_01_003,84,train
P30,7692060454305165-NOON.mp4,NOON1,G_02_014,85,train
P30,068296817498531-DEAF.mp4,DEAF1,F_03_038,61,train
P30,20348034438920393-ROCKING CHAIR.mp4,ROCKINGCHAIR1,G_01_010,91,train
P30,2705349961309489-HURDLE-TRIP.mp4,HURDLE/TRIP1,G_01_036,77,train
P30,46752240035541837-CAPTURE.mp4,CAPTURE,H_03_048,47,train
P30,4794513479367499-ANYONE.mp4,ANYONE,H_01_059,10,train
P30,9306453339430247-CEMETERY.mp4,CEMETERY,H_01_037,51,train
P30,3255443246485876-ALL OF_SUDDEN.mp4,ALLOFSUDDEN,H_01_096,6,train
P14,5200060362971033-BOY.mp4,BOY,B_02_090,33,train
P14,6401719658024074-SPECIAL.mp4,SPECIAL1,J_02_020,93,train
P14,4573359272153992-SHAVE.mp4,SHAVE1,J_02_018,92,train
P14,8734557794690267-RESEARCH.mp4,RESEARCH1,B_03_084,89,train
P14,48126189121982743-RIVER.mp4,RIVER1,A_03_035,90,train
P14,9531165795952123-LETTUCE.mp4,LETTUCE1,A_01_083,78,train
P14,9189827276516496-CALENDAR.mp4,CALENDAR1,A_03_001,41,train
P14,7219831406702091-MECHANIC.mp4,MECHANIC1,A_03_030,81,train
P14,4047032407097193-CATHOLIC.mp4,CATHOLIC,B_03_052,50,train
P14,37428384587690244-5 DOLLARS.mp4,5DOLLARS,B_01_062,0,train
P14,40577307540014407-EDIT.mp4,EDIT1,G_02_057,70,train
P52,9437623529149397-seedBELIEVE.mp4,BELIEVE1,D_02_049,25,train
P52,18222500105835726-seedCLOUD.mp4,CLOUD1,D_01_092,58,train
P52,06420577246436587-seedWHAT FOR.mp4,WHATFOR1,C_02_054,99,train
P52,9432574110287932-seedBASKETBALL.mp4,BASKETBALL1,A_03_045,20,train
P52,48435119780326175-seedMICROSCOPE.mp4,MICROSCOPE1,A_03_076,82,train
P52,44951093832888867-seedABOUT.mp4,ABOUT1,B_02_072,1,train
P52,8792539783717879-seedBOY.mp4,BOY,B_02_090,33,train
P52,3350620048272488-seedGUESS.mp4,GUESS1,D_02_013,74,train
P52,36220708618174635-seedEAT.mp4,EAT1,B_02_002,69,train
P52,07147588203074418-seedDOG.mp4,DOG1,A_01_056,66,train
P52,8767360648272802-seedBEE.mp4,BEE1,J_02_101,23,train
P52,6322185610277167-seedLOCK.mp4,LOCK1,H_02_017,79,train
P52,7595927994144922-seedLUNCH.mp4,LUNCH1,G_02_081,80,train
P52,19794796641076684-seedTYPE.mp4,TYPE1,F_03_059,98,train
P52,8000368532402042-seedSPECIAL.mp4,SPECIAL1,J_02_020,93,train
P52,9828122606307435-seedELEVATOR.mp4,ELEVATOR1,G_03_036,71,train
P52,44078360721531107-seedSHAVE.mp4,SHAVE1,J_02_018,92,train
P52,7004436858422076-seedRESEARCH.mp4,RESEARCH1,B_03_084,89,train
P52,9866531023861207-seedNIGHT.mp4,NIGHT1,A_01_003,84,train
P52,8870332334691009-seedRIVER.mp4,RIVER1,A_03_035,90,train
P52,3736379390712734-seedLETTUCE.mp4,LETTUCE1,A_01_083,78,train
P52,1769185532663604-seedCALENDAR.mp4,CALENDAR1,A_03_001,41,train
P52,9585084843836347-seedMECHANIC.mp4,MECHANIC1,A_03_030,81,train
P52,8873456348180697-seedBATH.mp4,BATH,B_01_019,21,train
P52,10940148878980427-seedANGRY.mp4,ANGRY,B_01_070,9,train
P52,026709769266520356-seedBRIDGE.mp4,BRIDGE1,A_03_081,37,train
P52,2012491324570307-seedBUTTERFLY.mp4,BUTTERFLY,A_03_056,39,train
P52,28721945718054753-seedBECAUSE.mp4,BECAUSE,B_01_049,22,train
P52,9695083719808497-seedBELT.mp4,BELT1,A_03_036,26,train
P52,28143661240852835-seedCABINET.mp4,CABINET,B_03_030,40,train
P52,2188166613728284-seedALPHABET.mp4,ALPHABET,B_02_024,7,train
P52,049689800905120096-seedBROTHER.mp4,BROTHER,B_01_065,38,train
P52,7335543234619748-seedAFTER.mp4,AFTER,B_02_030,4,train
P52,4864182740964922-seedBASEMENT.mp4,BASEMENT,C_01_034,18,train
P52,5657901452823273-seedMOVIE.mp4,MOVIE1,B_03_077,83,train
P52,5866440123594896-seedCALL TTY.mp4,CALLTTY,B_03_026,42,train
P52,42487226551335255-seedAND.mp4,AND,B_03_072,8,train
P52,167563899675101-seedCHARACTER.mp4,CHARACTER,B_02_088,54,train
P52,6409205355735699-seedBORROW.mp4,BORROW,B_03_055,29,train
P52,7176496996122961-seedDECIDE.mp4,DECIDE1,B_02_074,62,train
P52,6568074009036968-seedDOWNSIZE.mp4,DOWNSIZE1,C_01_055,67,train
P52,8239094276726386-seedAPPLE.mp4,APPLE,A_03_054,12,train
P52,14322213163115816-seedPATIENT 2.mp4,PATIENT2,B_01_085,87,train
P52,08423464985141993-seedCATHOLIC.mp4,CATHOLIC,B_03_052,50,train
P52,4099076842496614-seedFINE.mp4,FINE1,C_01_043,72,train
P52,8646929964459329-seed5 DOLLARS.mp4,5DOLLARS,B_01_062,0,train
P52,3047646844363199-seedHOSPITAL.mp4,HOSPITAL1,B_02_026,76,train
P52,6517800744244395-seedBLOOD.mp4,BLOOD,C_01_087,28,train
P52,5266053911220372-seedBRAVE.mp4,BRAVE,B_03_050,35,train
P52,9530640860155692-seedACTION.mp4,ACTION,C_01_026,2,train
P52,7421440804894195-seedFOREIGNER.mp4,FOREIGNER1,C_01_077,73,train
P52,6976882675523901-seedCANCELLATION.mp4,CANCELLATION,C_02_017,44,train
P52,8104955711243103-seedALARM.mp4,ALARM,C_01_085,5,train
P52,5939232465763336-seedBOWL.mp4,BOWL,C_03_049,31,train
P52,36917287384803465-seedAPPEAR.mp4,APPEAR,C_03_064,11,train
P52,7439044379105206-seedCHANNEL.mp4,CHANNEL,C_03_023,53,train
P52,0339499353548296-seedDEMAND.mp4,DEMAND1,D_03_080,63,train
P52,9676069326476722-seedBACK OUT.mp4,BACKOUT,F_01_041,15,train
P52,4567377261226446-seedBASKET 2.mp4,BASKET1,E_01_060,19,train
P52,29073429806775564-seedCHAIN.mp4,CHAIN,E_02_055,52,train
P52,48190536850847776-seedCHASE.mp4,CHASE,F_03_017,55,train
P52,4150707024679834-seedBOXING.mp4,BOXING,F_03_050,32,train
P52,1933451848170482-seedNOON.mp4,NOON1,G_02_014,85,train
P52,14313239983235881-seedDEAF.mp4,DEAF1,F_03_038,61,train
P52,6870028922807807-seedROCKING CHAIR.mp4,ROCKINGCHAIR1,G_01_010,91,train
P52,17320386407822008-seedHURDLE-TRIP.mp4,HURDLE/TRIP1,G_01_036,77,train
P52,11778385591447016-seedPARTY.mp4,PARTY1,G_02_059,86,train
P52,4736674511391048-seedBACKPACK.mp4,BACKPACK1,G_03_091,16,train
P52,9608443059891307-seedCAPTURE.mp4,CAPTURE,H_03_048,47,train
P52,4568642680977877-seedANYONE.mp4,ANYONE,H_01_059,10,train
P52,7509853932904427-seedCEMETERY.mp4,CEMETERY,H_01_037,51,train
P52,4209485805793354-seedALL OF_SUDDEN.mp4,ALLOFSUDDEN,H_01_096,6,train
P52,46759546883406-seedBREAKFAST.mp4,BREAKFAST1,J_01_053,36,train
P52,49160684422277745-seedADVERTISE.mp4,ADVERTISE,J_03_015,3,train
P52,4883631321850692-seedDARK.mp4,DARK1,J_03_094,60,train
P52,043586308791437656-seedTHEY.mp4,THEY1,F_02_103,95,train
P52,05921507900994727-seedEDIT.mp4,EDIT1,G_02_057,70,train
P52,6622923856955398-seedCONFUSED.mp4,CONFUSED1,J_01_110,59,train
P52,27887720295348606-seedDRAG.mp4,DRAG1,J_02_039,68,train
P52,3463026460024343-seedDEVELOP.mp4,DEVELOP1,J_03_092,64,train
P52,7548921165525528-seedTAKE OFF.mp4,TAKEOFF1,F_01_020,94,train
P52,8236302936483832-seedTWINS.mp4,TWINS1,F_01_032,97,train
P52,6574463393169423-seedCANCER.mp4,CANCER1,F_01_047,45,train
P52,09209428894276295-seedCHRISTMAS.mp4,CHRISTMAS1,F_03_029,57,train
P52,540061600459214-seedCANCEL.mp4,CANCEL1,F_03_083,43,train
P52,101202170585315-seedHALLOWEEN.mp4,HALLOWEEN1,G_03_011,75,train
P52,9430861818262959-seedDINNER.mp4,DINNER1,G_03_044,65,train
P52,07157565148825373-seedAXE.mp4,AXE1,G_03_066,14,train
P52,11394574978746519-seedBITE.mp4,BITE1,K_02_045,27,train
P52,4959312296000782-seedRECENT.mp4,RECENT1,H_03_090,88,train
P52,3667594516763575-seedBOTTLE.mp4,BOTTLE,D_02_064,30,train
P52,44097036140432055-seedCANDY 2.mp4,CANDY2,D_02_079,46,train
P52,1325245495403331-seedCASTLE 4.mp4,CASTLE4,K_03_110,48,train
P52,4015695715433045-seedBRAIDS.mp4,BRAIDS,K_03_125,34,train
P52,24884684100898147-seedBEHAVIOR.mp4,BEHAVIOR,C_02_036,24,train
P52,12437688741419994-seedCATEGORY.mp4,CATEGORY,E_01_034,49,train
P52,7732554823541706-seedAUTISM.mp4,AUTISM1,F_03_011,13,train
P52,7862678887753212-seedBASEBALL CAP.mp4,BASEBALLCAP,G_02_072,17,train
P52,5755513312177611-seedCHEEK.mp4,CHEEK,G_03_052,56,train
P52,47159317110194854-seedTHIRD.mp4,THIRD1,F_02_088,96,train
